Time,Last Trade
2020/11/17 10:31,61.07490040361881
2020/11/17 10:32,61.09342932105064
2020/11/17 10:33,61.09072307050228
2020/11/17 10:34,61.10124171972274
2020/11/17 10:35,61.09511492550373
2020/11/17 10:36,61.090119913220406
2020/11/17 10:37,61.12383518517017
2020/11/17 10:38,61.088128751516344
2020/11/17 10:39,61.091254082322116
2020/11/17 10:40,61.093637800216676
2020/11/17 10:41,61.07622421979904
2020/11/17 10:42,61.07305273711681
2020/11/17 10:43,61.07199681401253
2020/11/17 10:44,61.1022082567215
2020/11/17 10:45,61.07897396981716
2020/11/17 10:46,61.06182854771614
2020/11/17 10:47,61.089277774095535
2020/11/17 10:48,61.06304202377796
2020/11/17 10:49,61.08309130072593
2020/11/17 10:50,61.09159252941608
2020/11/17 10:51,61.09043210148811
2020/11/17 10:52,61.067300197482105
2020/11/17 10:53,61.05698021352291
2020/11/17 10:54,61.039588913321495
2020/11/17 10:55,60.99958345890045
2020/11/17 10:56,60.97972913384437
2020/11/17 10:57,60.967867040634154
2020/11/17 10:58,60.99557912051677
2020/11/17 10:59,60.991399723291394
2020/11/17 11:00,61.006859010457994
2020/11/17 11:01,61.01360752880573
2020/11/17 11:02,61.020486280322075
2020/11/17 11:03,61.03154655098915
2020/11/17 11:04,61.02494550645351
2020/11/17 11:05,61.035831248760225
2020/11/17 11:06,61.01045222580433
2020/11/17 11:07,61.00295732021332
2020/11/17 11:08,61.00288941860199
2020/11/17 11:09,61.02944425344467
2020/11/17 11:10,61.01868476569653
2020/11/17 11:11,61.02491500377655
2020/11/17 11:12,61.00826690793037
2020/11/17 11:13,61.02130932211876
2020/11/17 11:14,61.03128449320793
2020/11/17 11:15,61.00056166648864
2020/11/17 11:16,61.025103059411045
2020/11/17 11:17,61.014371156692505
2020/11/17 11:18,61.01627266705036
2020/11/17 11:19,60.99770369827747
2020/11/17 11:20,61.02694223821163
2020/11/17 11:21,60.9995813369751
2020/11/17 11:22,61.01099994778633
2020/11/17 11:23,61.01120365262032
2020/11/17 11:24,61.01098535954952
2020/11/17 11:25,61.012108388543126
2020/11/17 11:26,61.01246540248394
2020/11/17 11:27,61.00737622976303
2020/11/17 11:28,61.03175715208054
2020/11/17 11:29,61.036199137568474
2020/11/17 11:30,61.04001250267029
2020/11/17 11:31,61.047613504529
2020/11/17 11:32,61.03389684855938
2020/11/17 11:33,61.045143318176265
2020/11/17 11:34,61.04653344452381
2020/11/17 11:35,61.042264661192895
2020/11/17 11:36,61.04849914312363
2020/11/17 11:37,61.05521132349968
2020/11/17 11:38,61.068613934516904
2020/11/17 11:39,61.07906653881073
2020/11/17 11:40,61.07196471989155
2020/11/17 11:41,61.07818593978882
2020/11/17 11:42,61.06895954310894
2020/11/17 11:43,61.0608118802309
2020/11/17 11:44,61.06677793860435
2020/11/17 11:45,61.080572575330734
2020/11/17 11:46,61.046322578191756
2020/11/17 11:47,61.07485902607441
2020/11/17 11:48,61.04219463765621
2020/11/17 11:49,61.05905598700046
2020/11/17 11:50,61.0599225282669
2020/11/17 11:51,61.06097102463245
2020/11/17 11:52,61.0612458139658
2020/11/17 11:53,61.07532876729965
2020/11/17 11:54,61.047953808307646
2020/11/17 11:55,61.068591919541355
2020/11/17 11:56,61.0330098837614
2020/11/17 11:57,61.049951335787775
2020/11/17 11:58,61.05547603368759
2020/11/17 11:59,61.03838153779507
2020/11/17 12:00,61.04147424399853
2020/11/17 12:01,61.05257297456264
2020/11/17 12:02,61.05500204861164
2020/11/17 12:03,61.05757488310337
2020/11/17 12:04,61.05957134962082
2020/11/17 12:05,61.06117181181907
2020/11/17 12:06,61.06259668469429
2020/11/17 12:07,61.06354412436485
2020/11/17 12:08,61.0638775318861
2020/11/17 12:09,61.06394145488739
2020/11/17 12:10,61.063783371448515
2020/11/17 12:11,61.06351335644722
2020/11/17 12:12,61.063164034485816
2020/11/17 12:13,61.062799063324924
2020/11/17 12:14,61.062449210882185
2020/11/17 12:15,61.06214842796326
2020/11/17 12:16,61.06189459264278
2020/11/17 12:17,61.0616908878088
2020/11/17 12:18,61.06152776479721
2020/11/17 12:19,61.06140071451664
2020/11/17 12:20,61.061298596858975
2020/11/17 12:21,61.061215311288834
2020/11/17 12:22,61.061143431067464
2020/11/17 12:23,61.0610784471035
2020/11/17 12:24,61.06101744174957
2020/11/17 12:25,61.060959088802335
2020/11/17 12:26,61.060902857780455
2020/11/17 12:27,61.060849809646605
2020/11/17 12:28,61.06079861819744
2020/11/17 12:29,61.06074954867363
2020/11/17 12:30,61.06070313155651
2020/11/17 12:31,61.06065989732742
2020/11/17 12:32,61.06062170267105
2020/11/17 12:33,61.060586956143375
2020/11/17 12:34,61.06055645346641
2020/11/17 12:35,61.06053045988083
2020/11/17 12:36,61.06050817966461
2020/11/17 12:37,61.06048802137375
2020/11/17 12:38,61.06046971976757
2020/11/17 12:39,61.06045115292072
2020/11/17 12:40,61.06043338179588
2020/11/17 12:41,61.06041640639305
2020/11/17 12:42,61.060401818156244
2020/11/17 12:43,61.06038855612278
2020/11/17 12:44,61.060375824570656
2020/11/17 12:45,61.06036309301853
2020/11/17 12:46,61.06035274863243
2020/11/17 12:47,61.06034240424633
2020/11/17 12:48,61.06033497750759
2020/11/17 12:49,61.060326755046844
2020/11/17 12:50,61.06032012403011
2020/11/17 12:51,61.06031322777271
2020/11/17 12:52,61.06030606627464
2020/11/17 12:53,61.060298109054564
2020/11/17 12:54,61.060290947556496
2020/11/17 12:55,61.06028405129909
2020/11/17 12:56,61.060280072689054
2020/11/17 12:57,61.06027635931969
2020/11/17 12:58,61.060272911190985
2020/11/17 12:59,61.06027158498764
2020/11/17 13:00,61.06027185022831
2020/11/17 13:01,61.084453311562534
2020/11/17 13:02,61.04279991686344
2020/11/17 13:03,61.03477399945259
2020/11/17 13:04,61.0439974784851
2020/11/17 13:05,61.0050527215004
2020/11/17 13:06,61.02687911093235
2020/11/17 13:07,61.005137068033214
2020/11/17 13:08,61.00629457831383
2020/11/17 13:09,61.028802105784415
2020/11/17 13:10,61.033988621830936
2020/11/17 13:11,61.03853166401386
2020/11/17 13:12,61.0485442340374
2020/11/17 13:13,61.041119617223735
2020/11/17 13:14,61.04255642592907
2020/11/17 13:15,61.04554834067822
2020/11/17 13:16,61.037020057439804
2020/11/17 13:17,61.04099256694317
2020/11/17 13:18,61.04580748081207
2020/11/17 13:19,61.02802256345749
2020/11/17 13:20,61.037570697069164
2020/11/17 13:21,61.037190607190134
2020/11/17 13:22,61.03752799332142
2020/11/17 13:23,61.03783010244369
2020/11/17 13:24,61.03877701163292
2020/11/17 13:25,61.04896994531155
2020/11/17 13:26,61.02483675777912
2020/11/17 13:27,61.01392581760883
2020/11/17 13:28,61.03264199495315
2020/11/17 13:29,61.035037118196485
2020/11/17 13:30,61.03522384762764
2020/11/17 13:31,61.03690069913864
2020/11/17 13:32,61.03802717626095
2020/11/17 13:33,61.039552044868465
2020/11/17 13:34,61.040925461053845
2020/11/17 13:35,61.05497313737869
2020/11/17 13:36,61.022797057032584
2020/11/17 13:37,61.01711401045322
2020/11/17 13:38,61.01734423935413
2020/11/17 13:39,61.01097156703472
2020/11/17 13:40,61.020456838607785
2020/11/17 13:41,61.02118094563484
2020/11/17 13:42,61.01379452347755
2020/11/17 13:43,61.03773567676544
2020/11/17 13:44,61.04412320256233
2020/11/17 13:45,61.04822117090225
2020/11/17 13:46,61.05212630927563
2020/11/17 13:47,61.066275572776796
2020/11/17 13:48,61.04427651166916
2020/11/17 13:49,61.04685518145561
2020/11/17 13:50,61.03085612952709
2020/11/17 13:51,61.030047410726546
2020/11/17 13:52,61.010480341315265
2020/11/17 13:53,61.0046222358942
2020/11/17 13:54,60.998775801062585
2020/11/17 13:55,60.99480302631855
2020/11/17 13:56,60.99471019208431
2020/11/17 13:57,60.98007898628712
2020/11/17 13:58,60.97220107316971
2020/11/17 13:59,61.01670872271061
2020/11/17 14:00,61.02864110469818
2020/11/17 14:01,61.03549969792366
2020/11/17 14:02,61.0206905156374
2020/11/17 14:03,61.02121940553188
2020/11/17 14:04,61.02233474254608
2020/11/17 14:05,61.02511499524116
2020/11/17 14:06,61.01004348993301
2020/11/17 14:07,61.005830937623976
2020/11/17 14:08,61.005000203847885
2020/11/17 14:09,60.98849772512913
2020/11/17 14:10,60.98402841985226
2020/11/17 14:11,60.97887373268604
2020/11/17 14:12,61.00110249221325
2020/11/17 14:13,61.01009998619556
2020/11/17 14:14,60.9825823277235
2020/11/17 14:15,60.9860723644495
2020/11/17 14:16,60.96984891891479
2020/11/17 14:17,60.95465328097343
2020/11/17 14:18,60.96116944849491
2020/11/17 14:19,60.95914274454117
2020/11/17 14:20,60.95860271453857
2020/11/17 14:21,60.9844032049179
2020/11/17 14:22,60.9887377679348
2020/11/17 14:23,60.991843736171724
2020/11/17 14:24,60.98407085835934
2020/11/17 14:25,60.98542517721653
2020/11/17 14:26,60.98604159653187
2020/11/17 14:27,60.985781660676004
2020/11/17 14:28,60.9849432349205
2020/11/17 14:29,60.99666607677936
2020/11/17 14:30,61.01192325055599
2020/11/17 14:31,61.00168734788895
2020/11/17 14:32,61.0135284870863
2020/11/17 14:33,61.03029328882694
2020/11/17 14:34,61.030968591570854
2020/11/17 14:35,61.03603707551956
2020/11/17 14:36,61.03779164254665
2020/11/17 14:37,61.032838803529735
2020/11/17 14:38,61.06498146355152
2020/11/17 14:39,61.0455501973629
2020/11/17 14:40,61.04324313402176
2020/11/17 14:41,61.04071061611175
2020/11/17 14:42,61.04393302500248
2020/11/17 14:43,61.02934027910232
2020/11/17 14:44,61.02298007309437
2020/11/17 14:45,61.03100996911525
2020/11/17 14:46,61.03333135545254
2020/11/17 14:47,61.02076239585876
2020/11/17 14:48,61.018999341130254
2020/11/17 14:49,61.01446186900139
2020/11/17 14:50,61.02636189162731
2020/11/17 14:51,61.03336716294289
2020/11/17 14:52,61.00412013530731
2020/11/17 14:53,61.03747335374355
2020/11/17 14:54,60.99773552715778
2020/11/17 14:55,60.99329884648323
2020/11/17 14:56,60.99326967000961
2020/11/17 14:57,60.99499983489513
2020/11/17 14:58,60.95568294525146
2020/11/17 14:59,60.95083010196686
2020/11/17 15:00,60.94219917058945
2020/11/17 15:01,60.93773994445801
2020/11/17 15:02,60.93013655543327
2020/11/17 15:03,60.91394626498222
2020/11/17 15:04,60.9463830769062
2020/11/17 15:05,60.93934809863567
2020/11/17 15:06,60.94313944876194
2020/11/17 15:07,60.94561600089073
2020/11/17 15:08,60.946498721838
2020/11/17 15:09,60.93141846358776
2020/11/17 15:10,60.92038710415363
2020/11/17 15:11,60.903148317337035
2020/11/17 15:12,60.90464215278625
2020/11/17 15:13,60.91272377073765
2020/11/17 15:14,60.91078830957412
2020/11/17 15:15,60.90991672873497
2020/11/17 15:16,60.91218135356903
2020/11/17 15:17,60.942673951387405
2020/11/17 15:18,60.99897791445255
2020/11/17 15:19,61.000218445062636
2020/11/17 15:20,61.00286979079247
2020/11/17 15:21,61.01167074143886
2020/11/17 15:22,61.01529260277748
2020/11/17 15:23,61.0176696896553
2020/11/17 15:24,61.01704080402851
2020/11/17 15:25,61.01591459214687
2020/11/17 15:26,61.01404650211334
2020/11/17 15:27,61.0124131500721
2020/11/17 15:28,61.0103299498558
2020/11/17 15:29,61.00848307907581
2020/11/17 15:30,61.00670914947987
2020/11/17 15:31,61.00174967944622
2020/11/17 15:32,61.0444582015276
2020/11/17 15:33,61.05939708650112
2020/11/17 15:34,61.04922351539135
2020/11/17 15:35,61.05405858755112
2020/11/17 15:36,61.06405073404312
2020/11/17 15:37,61.03989208340645
2020/11/17 15:38,61.04471946358681
2020/11/17 15:39,61.00798867046833
2020/11/17 15:40,61.01423376202583
2020/11/17 15:41,61.00522061884403
2020/11/17 15:42,60.99772836565971
2020/11/17 15:43,61.01547243595123
2020/11/17 15:44,61.02755653560161
2020/11/17 15:45,61.04141721725464
2020/11/17 15:46,61.04897657632828
2020/11/17 15:47,61.05838254094124
2020/11/17 15:48,61.057039892673494
2020/11/17 15:49,61.05280055105686
2020/11/17 15:50,61.02968482673168
2020/11/17 15:51,61.039754423499105
2020/11/17 15:52,61.03666967451572
2020/11/17 15:53,61.03909158706665
2020/11/17 15:54,61.027373254299164
2020/11/17 15:55,61.01038856804371
2020/11/17 15:56,61.00288782715797
2020/11/17 15:57,61.011050608754154
2020/11/17 15:58,61.007532986998555
2020/11/17 15:59,61.01936802566051
2020/11/17 16:00,61.02120057344437
2020/11/17 16:01,61.02442961335182
2020/11/17 16:02,61.02647939324379
2020/11/17 16:03,61.028631556034085
2020/11/17 16:04,61.03053094446659
2020/11/17 16:05,61.03171179592609
2020/11/17 16:06,61.03209666013718
2020/11/17 16:07,61.03220275640488
2020/11/17 16:08,61.03202159702778
2020/11/18 09:30,61.01589682102203
2020/11/18 09:31,61.10174594223499
2020/11/18 09:32,61.009785145521164
2020/11/18 09:33,61.05482460260391
2020/11/18 09:34,61.09040478169918
2020/11/18 09:35,61.09476003348827
2020/11/18 09:36,61.1122892588377
2020/11/18 09:37,61.12083876132965
2020/11/18 09:38,61.12549479603767
2020/11/18 09:39,61.13326289951801
2020/11/18 09:40,61.146553844213486
2020/11/18 09:41,61.12376728355884
2020/11/18 09:42,61.11534934043884
2020/11/18 09:43,61.10565346777439
2020/11/18 09:44,61.1071120262146
2020/11/18 09:45,61.138130861520764
2020/11/18 09:46,61.11885025203228
2020/11/18 09:47,61.119257661700246
2020/11/18 09:48,61.11812455356121
2020/11/18 09:49,61.091121992468835
2020/11/18 09:50,61.11012622117996
2020/11/18 09:51,61.09095807373524
2020/11/18 09:52,61.108053895831105
2020/11/18 09:53,61.09470618963241
2020/11/18 09:54,61.089653089642525
2020/11/18 09:55,61.077984887361524
2020/11/18 09:56,61.09279751777649
2020/11/18 09:57,61.09555469453335
2020/11/18 09:58,61.08505965173244
2020/11/18 09:59,61.07670536637306
2020/11/18 10:00,61.09603451490402
2020/11/18 10:01,61.091010060906406
2020/11/18 10:02,61.09447436928749
2020/11/18 10:03,61.08084789514542
2020/11/18 10:04,61.08745291829109
2020/11/18 10:05,61.104084038734435
2020/11/18 10:06,61.093861132860184
2020/11/18 10:07,61.10734570324421
2020/11/18 10:08,61.08496177792549
2020/11/18 10:09,61.04339193403721
2020/11/18 10:10,61.05702954828739
2020/11/18 10:11,61.04577246904373
2020/11/18 10:12,61.02342169880867
2020/11/18 10:13,61.002586513757706
2020/11/18 10:14,61.01265213191509
2020/11/18 10:15,61.00019324719906
2020/11/18 10:16,61.021858635544774
2020/11/18 10:17,61.01765271425247
2020/11/18 10:18,61.041415095329285
2020/11/18 10:19,61.04877419769764
2020/11/18 10:20,61.056826904416084
2020/11/18 10:21,61.06326827406883
2020/11/18 10:22,61.059798926115036
2020/11/18 10:23,61.0717546492815
2020/11/18 10:24,61.07341187298298
2020/11/18 10:25,61.11203807592392
2020/11/18 10:26,61.07178966104984
2020/11/18 10:27,61.060566797852516
2020/11/18 10:28,61.06191899478436
2020/11/18 10:29,61.05572429895401
2020/11/18 10:30,61.02211857140064
2020/11/18 10:31,61.021221527457236
2020/11/18 10:32,60.976196128129956
2020/11/18 10:33,60.98108955323696
2020/11/18 10:34,60.97086956501007
2020/11/18 10:35,60.96936432421207
2020/11/18 10:36,60.97697460949421
2020/11/18 10:37,60.965832114219666
2020/11/18 10:38,60.96509580612182
2020/11/18 10:39,60.984477472305294
2020/11/18 10:40,60.95864594876766
2020/11/18 10:41,60.969203853607176
2020/11/18 10:42,61.00324059724807
2020/11/18 10:43,60.965240362286565
2020/11/18 10:44,60.96285452246666
2020/11/18 10:45,60.96305053532124
2020/11/18 10:46,60.9599265307188
2020/11/18 10:47,60.959280404448506
2020/11/18 10:48,60.97101173400879
2020/11/18 10:49,60.971661573648454
2020/11/18 10:50,60.96080421209335
2020/11/18 10:51,60.974898570775984
2020/11/18 10:52,60.97787404060364
2020/11/18 10:53,61.00236424207687
2020/11/18 10:54,61.030352437496184
2020/11/18 10:55,61.03191125690937
2020/11/18 10:56,61.071688869595526
2020/11/18 10:57,61.07651147544384
2020/11/18 10:58,61.07149577438831
2020/11/18 10:59,61.0860917031765
2020/11/18 11:00,61.0959915459156
2020/11/18 11:01,61.08795130550861
2020/11/18 11:02,61.099196183681485
2020/11/18 11:03,61.07369408905506
2020/11/18 11:04,61.062898793816565
2020/11/18 11:05,61.06568090319633
2020/11/18 11:06,61.06289720237255
2020/11/18 11:07,61.059147760272026
2020/11/18 11:08,61.07560912668705
2020/11/18 11:09,61.045261615514754
2020/11/18 11:10,61.01357914805412
2020/11/18 11:11,61.00103963017464
2020/11/18 11:12,60.99434097707272
2020/11/18 11:13,60.96957386434078
2020/11/18 11:14,60.97525903284549
2020/11/18 11:15,60.96994944512844
2020/11/18 11:16,60.967655113339426
2020/11/18 11:17,60.9682858556509
2020/11/18 11:18,60.96926432847977
2020/11/18 11:19,60.970803785324094
2020/11/18 11:20,60.97280529141426
2020/11/18 11:21,60.974911567568775
2020/11/18 11:22,60.96250467002392
2020/11/18 11:23,60.962272584438324
2020/11/18 11:24,60.95932178199291
2020/11/18 11:25,60.95938517451286
2020/11/18 11:26,60.959505593776704
2020/11/18 11:27,60.97249920368194
2020/11/18 11:28,60.96129305064678
2020/11/18 11:29,60.97381347119808
2020/11/18 11:30,60.97738414108753
2020/11/18 11:31,60.97844669520855
2020/11/18 11:32,60.9677346855402
2020/11/18 11:33,60.98067047297955
2020/11/18 11:34,60.9815420538187
2020/11/18 11:35,60.982226374745366
2020/11/18 11:36,60.98566893339157
2020/11/18 11:37,61.04103792309761
2020/11/18 11:38,61.06208052635193
2020/11/18 11:39,61.04122226536274
2020/11/18 11:40,61.09192010164261
2020/11/18 11:41,61.07054196894169
2020/11/18 11:42,61.09885800182819
2020/11/18 11:43,61.10455696284771
2020/11/18 11:44,61.10127567052841
2020/11/18 11:45,61.11548355221748
2020/11/18 11:46,61.11068773567676
2020/11/18 11:47,61.10846820175647
2020/11/18 11:48,61.10859021246433
2020/11/18 11:49,61.104151940345766
2020/11/18 11:50,61.102554130554196
2020/11/18 11:51,61.09999933242798
2020/11/18 11:52,61.091471049189565
2020/11/18 11:53,61.09608941972255
2020/11/18 11:54,61.102727863192555
2020/11/18 11:55,61.09463934898376
2020/11/18 11:56,61.1022392898798
2020/11/18 11:57,61.090005594491956
2020/11/18 11:58,61.09506055116653
2020/11/18 11:59,61.08328598737717
2020/11/18 12:00,61.08871970772743
2020/11/18 12:01,61.074040493369104
2020/11/18 12:02,61.06971627473831
2020/11/18 12:03,61.065295508503915
2020/11/18 12:04,61.06259668469429
2020/11/18 12:05,61.05987372398376
2020/11/18 12:06,61.05832869708538
2020/11/18 12:07,61.05706058144569
2020/11/18 12:08,61.0567430883646
2020/11/18 12:09,61.05665847659111
2020/11/18 12:10,61.05689268410206
2020/11/18 12:11,61.05715686380863
2020/11/18 12:12,61.057509103417395
2020/11/18 12:13,61.0578178435564
2020/11/18 12:14,61.05810695588588
2020/11/18 12:15,61.05832286179066
2020/11/18 12:16,61.05849473774433
2020/11/18 12:17,61.058614096045496
2020/11/18 12:18,61.05870586931705
2020/11/18 12:19,61.0587719142437
2020/11/18 12:20,61.05882788002491
2020/11/18 12:21,61.05887721478939
2020/11/18 12:22,61.05892787575721
2020/11/18 12:23,61.05898012816906
2020/11/18 12:24,61.05903609395027
2020/11/18 12:25,61.059094712138176
2020/11/18 12:26,61.059155717492104
2020/11/18 12:27,61.05921592712402
2020/11/18 12:28,61.05927534103393
2020/11/18 12:29,61.05933263301849
2020/11/18 12:30,61.05938621163368
2020/11/18 12:31,61.059437137842174
2020/11/18 12:32,61.05948488116264
2020/11/18 12:33,61.059530237317084
2020/11/18 12:34,61.05957426726818
2020/11/18 12:35,61.05961882770061
2020/11/18 12:36,61.05966869294643
2020/11/18 12:37,61.059716436266896
2020/11/18 12:38,61.059763649106024
2020/11/18 12:39,61.0598121881485
2020/11/18 12:40,61.05985727906227
2020/11/18 12:41,61.059903961420055
2020/11/18 12:42,61.05994772613048
2020/11/18 12:43,61.05998910367489
2020/11/18 12:44,61.060027298331256
2020/11/18 12:45,61.06006124913692
2020/11/18 12:46,61.060091751813886
2020/11/18 12:47,61.060120132565494
2020/11/18 12:48,61.06014612615108
2020/11/18 12:49,61.06016893684864
2020/11/18 12:50,61.06018962562084
2020/11/18 12:51,61.060208457708356
2020/11/18 12:52,61.06022569835186
2020/11/18 12:53,61.06023975610733
2020/11/18 12:54,61.0602503657341
2020/11/18 12:55,61.06025858819485
2020/11/18 12:56,61.06026442348957
2020/11/18 12:57,61.060268667340274
2020/11/18 12:58,61.060270524024965
2020/11/18 12:59,61.06027185022831
2020/11/18 13:00,61.06027185022831
2020/11/18 13:01,61.066572377085684
2020/11/18 13:02,61.075747582316396
2020/11/18 13:03,61.038545987010004
2020/11/18 13:04,61.0315452247858
2020/11/18 13:05,61.02076584398746
2020/11/18 13:06,61.00703088641166
2020/11/18 13:07,61.02495611608028
2020/11/18 13:08,61.02233872115612
2020/11/18 13:09,61.03077337443828
2020/11/18 13:10,61.042691963911054
2020/11/18 13:11,61.025272813439365
2020/11/18 13:12,61.03708795905113
2020/11/18 13:13,61.06841102540493
2020/11/18 13:14,61.080805987119675
2020/11/18 13:15,61.0662005096674
2020/11/18 13:16,61.05695448517799
2020/11/18 13:17,61.052993381023406
2020/11/18 13:18,61.05067623853683
2020/11/18 13:19,61.05871011316776
2020/11/18 13:20,61.03004369735718
2020/11/18 13:21,61.02534177601337
2020/11/18 13:22,61.0229867041111
2020/11/18 13:23,61.00014019906521
2020/11/18 13:24,60.96327917277813
2020/11/18 13:25,60.960836571455
2020/11/18 13:26,60.99517064988613
2020/11/18 13:27,60.97153478860855
2020/11/18 13:28,60.96741454005241
2020/11/18 13:29,60.969421616196634
2020/11/18 13:30,60.985356479883194
2020/11/18 13:31,60.97389118671417
2020/11/18 13:32,60.98798740208149
2020/11/18 13:33,60.97985459268093
2020/11/18 13:34,60.96712808012962
2020/11/18 13:35,60.95177992880344
2020/11/18 13:36,60.95828044712543
2020/11/18 13:37,60.9456404030323
2020/11/18 13:38,60.95449095368385
2020/11/18 13:39,60.93866351246834
2020/11/18 13:40,60.939000102877614
2020/11/18 13:41,60.954638162255286
2020/11/18 13:42,60.97126583456993
2020/11/18 13:43,60.99975957870483
2020/11/18 13:44,60.99525658786297
2020/11/18 13:45,61.012024307250975
2020/11/18 13:46,61.00644152164459
2020/11/18 13:47,61.02070722579956
2020/11/18 13:48,61.02463915348053
2020/11/18 13:49,61.02473092675209
2020/11/18 13:50,61.025805151462556
2020/11/18 13:51,61.025866952538486
2020/11/18 13:52,61.02477734386921
2020/11/18 13:53,61.0218230932951
2020/11/18 13:54,61.03309051692486
2020/11/18 13:55,61.0377041131258
2020/11/18 13:56,61.02233951687813
2020/11/18 13:57,61.033573254942894
2020/11/18 13:58,61.03807571530342
2020/11/18 13:59,61.022220158576964
2020/11/18 14:00,61.036741819977756
2020/11/18 14:01,61.02126131355762
2020/11/18 14:02,61.031020048260686
2020/11/18 14:03,61.03208101093769
2020/11/18 14:04,61.03223644196987
2020/11/18 14:05,61.03181762695312
2020/11/18 14:06,61.02933179140091
2020/11/18 14:07,61.04056499898434
2020/11/18 14:08,61.03985256254673
2020/11/18 14:09,61.049643656611444
2020/11/18 14:10,61.05586858987808
2020/11/18 14:11,61.05163773596286
2020/11/18 14:12,61.06368841528892
2020/11/18 14:13,61.07359276711941
2020/11/18 14:14,61.07031147480011
2020/11/18 14:15,61.05771758258343
2020/11/18 14:16,61.0586390286684
2020/11/18 14:17,61.054659622907636
2020/11/18 14:18,61.04317868053913
2020/11/18 14:19,61.03766936659813
2020/11/18 14:20,61.034137156605716
2020/11/18 14:21,61.030302041769026
2020/11/18 14:22,61.02786315381527
2020/11/18 14:23,61.030828279256816
2020/11/18 14:24,61.01848583519459
2020/11/18 14:25,61.01370725929737
2020/11/18 14:26,61.00609750449657
2020/11/18 14:27,61.02834376990795
2020/11/18 14:28,61.038399043679235
2020/11/18 14:29,61.021622040867804
2020/11/18 14:30,61.01946192085743
2020/11/18 14:31,61.05833134949207
2020/11/18 14:32,61.07415985167027
2020/11/18 14:33,61.07520357370377
2020/11/18 14:34,61.095352846384046
2020/11/18 14:35,61.0792927891016
2020/11/18 14:36,61.08080253899097
2020/11/18 14:37,61.0709541529417
2020/11/18 14:38,61.079059907794
2020/11/18 14:39,61.085090684890744
2020/11/18 14:40,61.07429300248623
2020/11/18 14:41,61.071042478084564
2020/11/18 14:42,61.0684768050909
2020/11/18 14:43,61.06669093966484
2020/11/18 14:44,61.06525466144085
2020/11/18 14:45,61.06367276608944
2020/11/18 14:46,61.06276378631592
2020/11/18 14:47,61.06252719163894
2020/11/18 14:48,61.06153837442398
2020/11/18 14:49,61.06161662042141
2020/11/18 14:50,61.06142405569553
2020/11/18 14:51,61.049830651283266
2020/11/18 14:52,61.06687475144863
2020/11/18 14:53,61.07393492758274
2020/11/18 14:54,61.07285937666893
2020/11/18 14:55,61.083219677209854
2020/11/18 14:56,61.07578816413879
2020/11/18 14:57,61.07596348822117
2020/11/18 14:58,61.06919375061989
2020/11/18 14:59,61.07724433541298
2020/11/18 15:00,61.099130934476854
2020/11/18 15:01,61.06318339705467
2020/11/18 15:02,61.07111701071262
2020/11/18 15:03,61.05968434214592
2020/11/18 15:04,61.072056758403775
2020/11/18 15:05,61.06368523240089
2020/11/18 15:06,61.06226725578308
2020/11/18 15:07,61.06043974757194
2020/11/18 15:08,61.05395408272743
2020/11/18 15:09,61.06900622546673
2020/11/18 15:10,61.05616990327835
2020/11/18 15:11,61.06304043233394
2020/11/18 15:12,61.065672415494916
2020/11/18 15:13,61.07327076494693
2020/11/18 15:14,61.064976423978806
2020/11/18 15:15,61.06407858431339
2020/11/18 15:16,61.0567292958498
2020/11/18 15:17,61.072344809770584
2020/11/18 15:18,61.0570303440094
2020/11/18 15:19,61.07189973592758
2020/11/18 15:20,61.05105845034122
2020/11/18 15:21,61.06136862039566
2020/11/18 15:22,61.07363520562649
2020/11/18 15:23,61.078183287382124
2020/11/18 15:24,61.078546401858326
2020/11/18 15:25,61.08344964087009
2020/11/18 15:26,61.08386527299881
2020/11/18 15:27,61.09287470281124
2020/11/18 15:28,61.092257753014565
2020/11/18 15:29,61.09472343027591
2020/11/18 15:30,61.076321032643314
2020/11/18 15:31,61.06031004488468
2020/11/18 15:32,61.072644266486165
2020/11/18 15:33,61.07726979851723
2020/11/18 15:34,61.07225621938705
2020/11/18 15:35,61.074030679464336
2020/11/18 15:36,61.07392086982727
2020/11/18 15:37,61.07541735768318
2020/11/18 15:38,61.06341070830822
2020/11/18 15:39,61.078043770790096
2020/11/18 15:40,61.08718741238117
2020/11/18 15:41,61.083714351058006
2020/11/18 15:42,61.08787279427052
2020/11/18 15:43,61.09527910947799
2020/11/18 15:44,61.08548854589462
2020/11/18 15:45,61.08399895429611
2020/11/18 15:46,61.09048939347267
2020/11/18 15:47,61.09578094482422
2020/11/18 15:48,61.11367169320583
2020/11/18 15:49,61.088067480921744
2020/11/18 15:50,61.092915549874306
2020/11/18 15:51,61.09139200747013
2020/11/18 15:52,61.09428737461567
2020/11/18 15:53,61.08607260584831
2020/11/18 15:54,61.070658940076825
2020/11/18 15:55,61.08170647919178
2020/11/18 15:56,61.08558323681354
2020/11/18 15:57,61.077666863799095
2020/11/18 15:58,61.08922950029373
2020/11/18 15:59,61.086885303258896
2020/11/18 16:00,61.09707027971744
2020/11/18 16:01,61.09351128041744
2020/11/18 16:02,61.093951579928394
2020/11/18 16:03,61.092169693112375
2020/11/18 16:04,61.09307416379452
2020/11/18 16:05,61.09254792630672
2020/11/18 16:06,61.0923126578331
2020/11/18 16:07,61.09139253795147
2020/11/18 16:08,61.09080105125904
2020/11/19 09:30,61.08124442994595
2020/11/19 09:31,61.247821140289304
2020/11/19 09:32,61.097140568494794
2020/11/19 09:33,60.99851480424404
2020/11/19 09:34,60.95192581117153
2020/11/19 09:35,60.79363574981689
2020/11/19 09:36,60.73914682865143
2020/11/19 09:37,60.71451472342014
2020/11/19 09:38,60.63872034549713
2020/11/19 09:39,60.60442101359367
2020/11/19 09:40,60.61855171024799
2020/11/19 09:41,60.58210233747959
2020/11/19 09:42,60.543952241539955
2020/11/19 09:43,60.703071975708006
2020/11/19 09:44,60.80612036287784
2020/11/19 09:45,60.77368036806583
2020/11/19 09:46,60.73993406295776
2020/11/19 09:47,60.724057021737096
2020/11/19 09:48,60.75796379745006
2020/11/19 09:49,60.78666575551033
2020/11/19 09:50,60.78692224323749
2020/11/19 09:51,60.781592497229575
2020/11/19 09:52,60.760935288667675
2020/11/19 09:53,60.749336048960686
2020/11/19 09:54,60.76576505601406
2020/11/19 09:55,60.78793519735336
2020/11/19 09:56,60.77406921088695
2020/11/19 09:57,60.722318899631496
2020/11/19 09:58,60.72566597163677
2020/11/19 09:59,60.68551039099693
2020/11/19 10:00,60.65946428775787
2020/11/19 10:01,60.67607578039169
2020/11/19 10:02,60.67507741451263
2020/11/19 10:03,60.744062003493305
2020/11/19 10:04,60.8830857783556
2020/11/19 10:05,60.99966090917587
2020/11/19 10:06,61.063155812025066
2020/11/19 10:07,61.05919762551785
2020/11/19 10:08,61.04577193856239
2020/11/19 10:09,61.07044064700603
2020/11/19 10:10,61.07400813400745
2020/11/19 10:11,61.06939639449119
2020/11/19 10:12,61.07272436916828
2020/11/19 10:13,61.08728316426277
2020/11/19 10:14,61.09700476527214
2020/11/19 10:15,61.09789756536484
2020/11/19 10:16,61.10587229132652
2020/11/19 10:17,61.08601425290107
2020/11/19 10:18,61.06952901482582
2020/11/19 10:19,61.06493425071239
2020/11/19 10:20,61.051371964812276
2020/11/19 10:21,61.0159790456295
2020/11/19 10:22,61.00477793216705
2020/11/19 10:23,60.991982457041736
2020/11/19 10:24,60.984392860531806
2020/11/19 10:25,60.97839179039001
2020/11/19 10:26,60.97489989697933
2020/11/19 10:27,60.973668384552
2020/11/19 10:28,60.96011219918728
2020/11/19 10:29,60.97223422825336
2020/11/19 10:30,60.97314055562019
2020/11/19 10:31,60.98725984692573
2020/11/19 10:32,60.99117506444454
2020/11/19 10:33,60.99519823491573
2020/11/19 10:34,60.98457455039024
2020/11/19 10:35,60.991549053788184
2020/11/19 10:36,60.99728196561336
2020/11/19 10:37,61.01807842552662
2020/11/19 10:38,61.01905875504017
2020/11/19 10:39,61.02824430465698
2020/11/19 10:40,61.03577873110771
2020/11/19 10:41,61.02470970749855
2020/11/19 10:42,61.03074950277805
2020/11/19 10:43,61.03118847608566
2020/11/19 10:44,61.03032458722591
2020/11/19 10:45,61.02831220626831
2020/11/19 10:46,61.029443988204
2020/11/19 10:47,61.042063078284265
2020/11/19 10:48,61.04157874882221
2020/11/19 10:49,61.04653662741184
2020/11/19 10:50,61.07925273776054
2020/11/19 10:51,61.05228041410446
2020/11/19 10:52,61.03804759979248
2020/11/19 10:53,61.03357802927494
2020/11/19 10:54,61.02330738008022
2020/11/19 10:55,61.023753514885904
2020/11/19 10:56,61.00194860994816
2020/11/19 10:57,60.95186639726162
2020/11/19 10:58,60.92519061267376
2020/11/19 10:59,60.907689502835275
2020/11/19 11:00,60.87201755046844
2020/11/19 11:01,60.83148081898689
2020/11/19 11:02,60.811299717426294
2020/11/19 11:03,60.740361630916595
2020/11/19 11:04,60.74689795672893
2020/11/19 11:05,60.77276396155357
2020/11/19 11:06,60.79016560614109
2020/11/19 11:07,60.80977352261543
2020/11/19 11:08,60.81517143547535
2020/11/19 11:09,60.8223692715168
2020/11/19 11:10,60.830767321586606
2020/11/19 11:11,60.82170537412166
2020/11/19 11:12,60.844163566827774
2020/11/19 11:13,60.865180706977846
2020/11/19 11:14,60.86469531655312
2020/11/19 11:15,60.86562578082084
2020/11/19 11:16,60.86767980456352
2020/11/19 11:17,60.86803071796894
2020/11/19 11:18,60.86785831153393
2020/11/19 11:19,60.86699787080288
2020/11/19 11:20,60.8902003288269
2020/11/19 11:21,60.91272138357162
2020/11/19 11:22,60.934255212545395
2020/11/19 11:23,60.96165749132633
2020/11/19 11:24,60.96756148338318
2020/11/19 11:25,60.96513134837151
2020/11/19 11:26,60.95145447850227
2020/11/19 11:27,60.93842453062534
2020/11/19 11:28,60.93813568353653
2020/11/19 11:29,60.93941759169102
2020/11/19 11:30,60.93838447928429
2020/11/19 11:31,60.93761342465877
2020/11/19 11:32,60.92201382517815
2020/11/19 11:33,60.92625290155411
2020/11/19 11:34,60.93378626704216
2020/11/19 11:35,60.91936460137367
2020/11/19 11:36,60.91918821632862
2020/11/19 11:37,60.918023279309274
2020/11/19 11:38,60.916973987221716
2020/11/19 11:39,60.916421225667
2020/11/19 11:40,60.9160313218832
2020/11/19 11:41,60.915758123993875
2020/11/19 11:42,60.92271989583969
2020/11/19 11:43,60.93032248914242
2020/11/19 11:44,60.91853439807892
2020/11/19 11:45,60.918987694382665
2020/11/19 11:46,60.91888186335564
2020/11/19 11:47,60.931777068972586
2020/11/19 11:48,60.96156969666481
2020/11/19 11:49,60.977766087651254
2020/11/19 11:50,60.98105029761791
2020/11/19 11:51,60.984977185726166
2020/11/19 11:52,60.97802841067314
2020/11/19 11:53,60.9920880228281
2020/11/19 11:54,60.99164241850376
2020/11/19 11:55,60.97910475730896
2020/11/19 11:56,60.99032709002495
2020/11/19 11:57,60.99085359275341
2020/11/19 11:58,61.00333130955696
2020/11/19 11:59,61.00511903166771
2020/11/19 12:00,61.02878459990024
2020/11/19 12:01,61.03561932146549
2020/11/19 12:02,61.03850646615028
2020/11/19 12:03,61.04176362156868
2020/11/19 12:04,61.043318727612494
2020/11/19 12:05,61.04391101002693
2020/11/19 12:06,61.043813401460646
2020/11/19 12:07,61.0427588045597
2020/11/19 12:08,61.041417482495305
2020/11/19 12:09,61.039967676997186
2020/11/19 12:10,61.03851972818374
2020/11/19 12:11,61.037150821089746
2020/11/19 12:12,61.0359349578619
2020/11/19 12:13,61.03489044010639
2020/11/19 12:14,61.03403318226337
2020/11/19 12:15,61.03333719074726
2020/11/19 12:16,61.03277992010116
2020/11/19 12:17,61.03233325481415
2020/11/19 12:18,61.03197411894798
2020/11/19 12:19,61.0316781103611
2020/11/19 12:20,61.03142851889133
2020/11/19 12:21,61.03120996057987
2020/11/19 12:22,61.031014478206636
2020/11/19 12:23,61.030836501717566
2020/11/19 12:24,61.03067205250263
2020/11/19 12:25,61.0305187433958
2020/11/19 12:26,61.030377104878426
2020/11/19 12:27,61.03024607598781
2020/11/19 12:28,61.03012671768665
2020/11/19 12:29,61.03001743853092
2020/11/19 12:30,61.02991956472397
2020/11/19 12:31,61.02983150482178
2020/11/19 12:32,61.029752728343006
2020/11/19 12:33,61.029682704806326
2020/11/19 12:34,61.02962010800838
2020/11/19 12:35,61.02956467270851
2020/11/19 12:36,61.0295156031847
2020/11/19 12:37,61.0294715732336
2020/11/19 12:38,61.029432052373885
2020/11/19 12:39,61.02939651012421
2020/11/19 12:40,61.029365211725235
2020/11/19 12:41,61.029336565732955
2020/11/19 12:42,61.029311367869376
2020/11/19 12:43,61.02928855717182
2020/11/19 12:44,61.02926786839962
2020/11/19 12:45,61.029249301552774
2020/11/19 12:46,61.02923338711262
2020/11/19 12:47,61.02921932935715
2020/11/19 12:48,61.02920739352703
2020/11/19 12:49,61.02919678390026
2020/11/19 12:50,61.0291869699955
2020/11/19 12:51,61.029177686572076
2020/11/19 12:52,61.029170525074
2020/11/19 12:53,61.029163628816605
2020/11/19 12:54,61.02915779352188
2020/11/19 12:55,61.0291532844305
2020/11/19 12:56,61.02914957106113
2020/11/19 12:57,61.02914744913578
2020/11/19 12:58,61.0291463881731
2020/11/19 12:59,61.02914612293243
2020/11/19 13:00,61.0291463881731
2020/11/19 13:01,61.02910819351673
2020/11/19 13:02,61.029198905825616
2020/11/19 13:03,61.02178012430668
2020/11/19 13:04,61.04302643239498
2020/11/19 13:05,61.0538620442152
2020/11/19 13:06,61.04874502122402
2020/11/19 13:07,61.03878364264965
2020/11/19 13:08,61.0357365578413
2020/11/19 13:09,61.03783912062645
2020/11/19 13:10,61.040881431102754
2020/11/19 13:11,61.03376794159412
2020/11/19 13:12,61.033848309516905
2020/11/19 13:13,61.02831565439701
2020/11/19 13:14,61.025371748209
2020/11/19 13:15,61.03600630760193
2020/11/19 13:16,61.038293212652206
2020/11/19 13:17,61.04386432766914
2020/11/19 13:18,61.033432942628856
2020/11/19 13:19,61.0324613660574
2020/11/19 13:20,61.02744009494781
2020/11/19 13:21,61.04070292413235
2020/11/19 13:22,61.03369791805744
2020/11/19 13:23,61.03927513360977
2020/11/19 13:24,61.045334291458126
2020/11/19 13:25,61.03372709453106
2020/11/19 13:26,61.032964527606964
2020/11/19 13:27,61.02752550244331
2020/11/19 13:28,61.04008968770504
2020/11/19 13:29,61.038021340966225
2020/11/19 13:30,61.029241344332696
2020/11/19 13:31,61.03628454506397
2020/11/19 13:32,61.02660591304302
2020/11/19 13:33,61.039904019236566
2020/11/19 13:34,61.03302685916424
2020/11/19 13:35,61.033961832523346
2020/11/19 13:36,61.0466862231493
2020/11/19 13:37,61.04815406501293
2020/11/19 13:38,61.049317145347594
2020/11/19 13:39,61.079245045781136
2020/11/19 13:40,61.06042118072509
2020/11/19 13:41,61.06484009027481
2020/11/19 13:42,61.06516580581665
2020/11/19 13:43,61.05603728294373
2020/11/19 13:44,61.046143010258675
2020/11/19 13:45,61.05495775341988
2020/11/19 13:46,61.05441798865795
2020/11/19 13:47,61.05244672000408
2020/11/19 13:48,61.06969001591205
2020/11/19 13:49,61.03337777256966
2020/11/19 13:50,61.03740094304084
2020/11/19 13:51,61.0116919606924
2020/11/19 13:52,61.02475824654102
2020/11/19 13:53,61.013729804754256
2020/11/19 13:54,61.01124131679535
2020/11/19 13:55,61.01377648711205
2020/11/19 13:56,61.019993463158606
2020/11/19 13:57,61.000084498524664
2020/11/19 13:58,60.99966700971127
2020/11/19 13:59,60.996286252141
2020/11/19 14:00,60.99405982196331
2020/11/19 14:01,61.00055238306522
2020/11/19 14:02,60.994235411286354
2020/11/19 14:03,60.98954065144062
2020/11/19 14:04,61.0146825492382
2020/11/19 14:05,61.02162389755249
2020/11/19 14:06,61.01982238292694
2020/11/19 14:07,61.019666156172754
2020/11/19 14:08,61.04522554278373
2020/11/19 14:09,61.0472925633192
2020/11/19 14:10,61.06038431227207
2020/11/19 14:11,61.06663073003292
2020/11/19 14:12,61.069625827670095
2020/11/19 14:13,61.0722816824913
2020/11/19 14:14,61.07359303236007
2020/11/19 14:15,61.07678997814655
2020/11/19 14:16,61.07131885886192
2020/11/19 14:17,61.0694963902235
2020/11/19 14:18,61.06757100820541
2020/11/19 14:19,61.06270410716534
2020/11/19 14:20,61.066116428375246
2020/11/19 14:21,61.06559682190418
2020/11/19 14:22,61.07171141505241
2020/11/19 14:23,61.05454663038254
2020/11/19 14:24,61.06570477485656
2020/11/19 14:25,61.06411518752575
2020/11/19 14:26,61.05799157619476
2020/11/19 14:27,61.05634098351002
2020/11/19 14:28,61.04900920093059
2020/11/19 14:29,61.05790537297725
2020/11/19 14:30,61.05948488116264
2020/11/19 14:31,61.059925976395604
2020/11/19 14:32,61.063691863417624
2020/11/19 14:33,61.06242613494396
2020/11/19 14:34,61.05116162896156
2020/11/19 14:35,61.066334986686705
2020/11/19 14:36,61.056462994217874
2020/11/19 14:37,61.04378342926502
2020/11/19 14:38,61.06087155938148
2020/11/19 14:39,61.06729807555676
2020/11/19 14:40,61.064928150177
2020/11/19 14:41,61.06867334842682
2020/11/19 14:42,61.06971707046032
2020/11/19 14:43,61.071696031093595
2020/11/19 14:44,61.0723222643137
2020/11/19 14:45,61.079811334609985
2020/11/19 14:46,61.06480401754379
2020/11/19 14:47,61.07027938067913
2020/11/19 14:48,61.074533310532566
2020/11/19 14:49,61.06643524765968
2020/11/19 14:50,61.07001042664051
2020/11/19 14:51,61.07696768939495
2020/11/19 14:52,61.060668650269506
2020/11/19 14:53,61.07147561609745
2020/11/19 14:54,61.07049767374992
2020/11/19 14:55,61.06182881295681
2020/11/19 14:56,61.062020581960674
2020/11/19 14:57,61.066375038027765
2020/11/19 14:58,61.067290383577344
2020/11/19 14:59,61.06781741678714
2020/11/19 15:00,61.071550944447516
2020/11/19 15:01,61.064037737250324
2020/11/19 15:02,61.0723601937294
2020/11/19 15:03,61.06429528594017
2020/11/19 15:04,61.068315538764
2020/11/19 15:05,61.08202131986618
2020/11/19 15:06,61.061546596884725
2020/11/19 15:07,61.06558355987072
2020/11/19 15:08,61.064605882763864
2020/11/19 15:09,61.03646490871906
2020/11/19 15:10,61.037666448950766
2020/11/19 15:11,61.051512277126314
2020/11/19 15:12,61.03752056658268
2020/11/19 15:13,61.03974354863167
2020/11/19 15:14,61.039166119694706
2020/11/19 15:15,61.04329459071159
2020/11/19 15:16,61.032568788528444
2020/11/19 15:17,61.04903280735016
2020/11/19 15:18,61.03611850440502
2020/11/19 15:19,61.03868285119533
2020/11/19 15:20,61.047532606124875
2020/11/19 15:21,61.04103341400623
2020/11/19 15:22,61.045872995257376
2020/11/19 15:23,61.04779519438743
2020/11/19 15:24,61.050173076987264
2020/11/19 15:25,61.05377133190632
2020/11/19 15:26,61.04338530302048
2020/11/19 15:27,61.04481150209904
2020/11/19 15:28,61.048917427659035
2020/11/19 15:29,61.03704896867275
2020/11/19 15:30,61.05275519490242
2020/11/19 15:31,61.03669328093529
2020/11/19 15:32,61.046325761079785
2020/11/19 15:33,61.054214018583295
2020/11/19 15:34,61.037278136610986
2020/11/19 15:35,61.047869727015495
2020/11/19 15:36,61.049408653378485
2020/11/19 15:37,61.04957363307476
2020/11/19 15:38,61.05657094717026
2020/11/19 15:39,61.04046765565872
2020/11/19 15:40,61.05266978740692
2020/11/19 15:41,61.048113483190534
2020/11/19 15:42,61.04461416304111
2020/11/19 15:43,61.05539089143276
2020/11/19 15:44,61.02938351333141
2020/11/19 15:45,61.05667651295662
2020/11/19 15:46,61.06779991090298
2020/11/19 15:47,61.06294149756432
2020/11/19 15:48,61.06938048005104
2020/11/19 15:49,61.077680656313895
2020/11/19 15:50,61.06486422717571
2020/11/19 15:51,61.080738085508344
2020/11/19 15:52,61.070530033111574
2020/11/19 15:53,61.076596882939334
2020/11/19 15:54,61.084634736180305
2020/11/19 15:55,61.04953199028969
2020/11/19 15:56,61.02735680937767
2020/11/19 15:57,61.01954175829887
2020/11/19 15:58,61.01681084036827
2020/11/19 15:59,61.005516627430914
2020/11/19 16:00,61.01653472483158
2020/11/19 16:01,61.01674134731292
2020/11/19 16:02,61.01200043559074
2020/11/19 16:03,61.01637902855873
2020/11/19 16:04,61.01999372839928
2020/11/19 16:05,61.02269732654094
2020/11/19 16:06,61.02433253526687
2020/11/19 16:07,61.02530596852302
2020/11/19 16:08,61.02600593864918
2020/11/19 16:09,61.026744899153705
2020/11/23 09:30,61.025062477588655
2020/11/23 09:31,61.014939832687375
2020/11/23 09:32,61.110931226611136
2020/11/23 09:33,61.01252163350582
2020/11/23 09:34,61.03734418153763
2020/11/23 09:35,61.02226312756538
2020/11/23 09:36,61.08943797945976
2020/11/23 09:37,60.968985030055045
2020/11/23 09:38,60.90107254385948
2020/11/23 09:39,60.82169264256954
2020/11/23 09:40,60.8043161958456
2020/11/23 09:41,60.71674407124519
2020/11/23 09:42,60.64346390962601
2020/11/23 09:43,60.61806605458259
2020/11/23 09:44,60.65429501235485
2020/11/23 09:45,60.62722720205784
2020/11/23 09:46,60.53256280720234
2020/11/23 09:47,60.54571529626846
2020/11/23 09:48,60.51930475234985
2020/11/23 09:49,60.51084224879742
2020/11/23 09:50,60.47184179127216
2020/11/23 09:51,60.40034749507904
2020/11/23 09:52,60.35195300877094
2020/11/23 09:53,60.342349705100055
2020/11/23 09:54,60.3273766040802
2020/11/23 09:55,60.42035274207592
2020/11/23 09:56,60.37710339426994
2020/11/23 09:57,60.36129292845726
2020/11/23 09:58,60.31788549721241
2020/11/23 09:59,60.309153243899345
2020/11/23 10:00,60.30103290081024
2020/11/23 10:01,60.2895039498806
2020/11/23 10:02,60.27627454102039
2020/11/23 10:03,60.30284741222858
2020/11/23 10:04,60.16390307694673
2020/11/23 10:05,60.21187490224838
2020/11/23 10:06,60.23898859918117
2020/11/23 10:07,60.236701163649556
2020/11/23 10:08,60.18751599490642
2020/11/23 10:09,60.17904208600521
2020/11/23 10:10,60.17386458814144
2020/11/23 10:11,60.10346162468195
2020/11/23 10:12,60.046233960986136
2020/11/23 10:13,60.03646037280559
2020/11/23 10:14,59.95555215477943
2020/11/23 10:15,59.98043013811111
2020/11/23 10:16,59.89790076911449
2020/11/23 10:17,59.8465536236763
2020/11/23 10:18,59.835655812919136
2020/11/23 10:19,59.83645034134388
2020/11/23 10:20,59.8332495495677
2020/11/23 10:21,59.79192160516977
2020/11/23 10:22,59.74310392737388
2020/11/23 10:23,59.822569236159325
2020/11/23 10:24,59.78978416323662
2020/11/23 10:25,59.784581732749935
2020/11/23 10:26,59.82136066704988
2020/11/23 10:27,59.785064205527306
2020/11/23 10:28,59.77715751379728
2020/11/23 10:29,59.77483732104301
2020/11/23 10:30,59.69355113506317
2020/11/23 10:31,59.59469301998615
2020/11/23 10:32,59.46247001588344
2020/11/23 10:33,59.40609801858663
2020/11/23 10:34,59.396457846462724
2020/11/23 10:35,59.52924342602491
2020/11/23 10:36,59.58260706365108
2020/11/23 10:37,59.50579469203949
2020/11/23 10:38,59.48277511745691
2020/11/23 10:39,59.47722601741552
2020/11/23 10:40,59.439159870147705
2020/11/23 10:41,59.43117891103029
2020/11/23 10:42,59.42552331686019
2020/11/23 10:43,59.382179012894625
2020/11/23 10:44,59.33101163432002
2020/11/23 10:45,59.362462281435725
2020/11/23 10:46,59.41077089607715
2020/11/23 10:47,59.41851181238889
2020/11/23 10:48,59.37246324717998
2020/11/23 10:49,59.49279352277517
2020/11/23 10:50,59.50815666019916
2020/11/23 10:51,59.42815914601087
2020/11/23 10:52,59.324133877456184
2020/11/23 10:53,59.30534064769745
2020/11/23 10:54,59.226838029921055
2020/11/23 10:55,59.214876007288694
2020/11/23 10:56,59.130021936446425
2020/11/23 10:57,59.241123892366886
2020/11/23 10:58,59.25497807562351
2020/11/23 10:59,59.26416820064187
2020/11/23 11:00,59.25389987230301
2020/11/23 11:01,59.09776356518268
2020/11/23 11:02,59.143126350641246
2020/11/23 11:03,59.10772779509425
2020/11/23 11:04,59.11284952610731
2020/11/23 11:05,59.06507782489061
2020/11/23 11:06,59.016291511803864
2020/11/23 11:07,59.04360738843679
2020/11/23 11:08,59.09455998837947
2020/11/23 11:09,59.103529300540686
2020/11/23 11:10,59.14397459030151
2020/11/23 11:11,59.14728744626045
2020/11/23 11:12,59.10780444964766
2020/11/23 11:13,59.138449030369515
2020/11/23 11:14,59.186839803308246
2020/11/23 11:15,59.19833752214908
2020/11/23 11:16,59.19726780652999
2020/11/23 11:17,59.04022331535816
2020/11/23 11:18,59.00481043681502
2020/11/23 11:19,59.07820511609316
2020/11/23 11:20,59.10376994013786
2020/11/23 11:21,59.106464785337444
2020/11/23 11:22,59.05973766818642
2020/11/23 11:23,59.0478309482336
2020/11/23 11:24,59.08761718124151
2020/11/23 11:25,59.019922059774395
2020/11/23 11:26,58.96432681977748
2020/11/23 11:27,58.94908887594938
2020/11/23 11:28,58.951641817390914
2020/11/23 11:29,58.953601548075675
2020/11/23 11:30,58.95322278439998
2020/11/23 11:31,58.99096023216843
2020/11/23 11:32,58.996459864825006
2020/11/23 11:33,59.03842233121395
2020/11/23 11:34,59.04461643025279
2020/11/23 11:35,59.046165502071375
2020/11/23 11:36,59.04394809007644
2020/11/23 11:37,59.00436038970947
2020/11/23 11:38,58.99651881456375
2020/11/23 11:39,59.03585665822029
2020/11/23 11:40,59.00630248188972
2020/11/23 11:41,58.92232125177979
2020/11/23 11:42,58.89951022267341
2020/11/23 11:43,58.89756395295262
2020/11/23 11:44,58.90384452044964
2020/11/23 11:45,58.94301274269819
2020/11/23 11:46,58.87167513743043
2020/11/23 11:47,58.85398398265242
2020/11/23 11:48,58.92649799659848
2020/11/23 11:49,58.9071940459311
2020/11/23 11:50,58.94294822290539
2020/11/23 11:51,58.94331365823746
2020/11/23 11:52,58.94628627672791
2020/11/23 11:53,58.90501012057066
2020/11/23 11:54,58.938032782822845
2020/11/23 11:55,58.90383251830935
2020/11/23 11:56,58.9410871617496
2020/11/23 11:57,58.90419158786535
2020/11/23 11:58,58.75365676581859
2020/11/23 11:59,58.71592150628567
2020/11/23 12:00,58.78554058410227
2020/11/23 12:01,58.80649794563651
2020/11/23 12:02,58.808844894543284
2020/11/23 12:03,58.799520193040365
2020/11/23 12:04,58.79619457237422
2020/11/23 12:05,58.796215924248095
2020/11/23 12:06,58.79778979606926
2020/11/23 12:07,58.79817807525396
2020/11/23 12:08,58.79809303246438
2020/11/23 12:09,58.79766175113618
2020/11/23 12:10,58.79750804416835
2020/11/23 12:11,58.79742827303707
2020/11/23 12:12,58.797513647377485
2020/11/23 12:13,58.79759945273399
2020/11/23 12:14,58.797748650610444
2020/11/23 12:15,58.79789446666837
2020/11/23 12:16,58.798068497702474
2020/11/23 12:17,58.798224691301584
2020/11/23 12:18,58.79837309345603
2020/11/23 12:19,58.79848754480481
2020/11/23 12:20,58.79858134053647
2020/11/23 12:21,58.79864562824368
2020/11/23 12:22,58.7986887961626
2020/11/23 12:23,58.79870776087046
2020/11/23 12:24,58.798707893490786
2020/11/23 12:25,58.79869091808796
2020/11/23 12:26,58.79866402931511
2020/11/23 12:27,58.79862573519349
2020/11/23 12:28,58.79858004748821
2020/11/23 12:29,58.798528126627204
2020/11/23 12:30,58.79847269132733
2020/11/23 12:31,58.79841384105384
2020/11/23 12:32,58.798356018587945
2020/11/23 12:33,58.798298162966965
2020/11/23 12:34,58.79824216403067
2020/11/23 12:35,58.79818871803582
2020/11/23 12:36,58.79813832230866
2020/11/23 12:37,58.79809187203645
2020/11/23 12:38,58.79804923459887
2020/11/23 12:39,58.79800868593156
2020/11/23 12:40,58.79797297790646
2020/11/23 12:41,58.79793988913298
2020/11/23 12:42,58.79791266880929
2020/11/23 12:43,58.797887835651636
2020/11/23 12:44,58.79786588698625
2020/11/23 12:45,58.79784503243863
2020/11/23 12:46,58.7978264324367
2020/11/23 12:47,58.797811943665145
2020/11/23 12:48,58.797797720134255
2020/11/23 12:49,58.79778641425073
2020/11/23 12:50,58.79777623564004
2020/11/23 12:51,58.79776771478355
2020/11/23 12:52,58.797760453820224
2020/11/23 12:53,58.797755447402594
2020/11/23 12:54,58.79775050729513
2020/11/23 12:55,58.79774782173335
2020/11/23 12:56,58.79774493724108
2020/11/23 12:57,58.79774192012846
2020/11/23 12:58,58.79774012975395
2020/11/23 12:59,58.797741688042876
2020/11/23 13:00,58.79774099178612
2020/11/23 13:01,58.68765676431357
2020/11/23 13:02,58.59238304533064
2020/11/23 13:03,58.604636302217834
2020/11/23 13:04,58.61231465488672
2020/11/23 13:05,58.616276687383646
2020/11/23 13:06,58.607808315381405
2020/11/23 13:07,58.53117295876145
2020/11/23 13:08,58.51477365866303
2020/11/23 13:09,58.50913212224841
2020/11/23 13:10,58.51239517927169
2020/11/23 13:11,58.50962878540158
2020/11/23 13:12,58.543436825275414
2020/11/23 13:13,58.5477016299963
2020/11/23 13:14,58.38001747354865
2020/11/23 13:15,58.446355557441706
2020/11/23 13:16,58.5247995570302
2020/11/23 13:17,58.51902579814195
2020/11/23 13:18,58.506860667467116
2020/11/23 13:19,58.49931894689798
2020/11/23 13:20,58.499810902029274
2020/11/23 13:21,58.50306202322244
2020/11/23 13:22,58.57901829741895
2020/11/23 13:23,58.593154530972235
2020/11/23 13:24,58.598161280155175
2020/11/23 13:25,58.59468185305595
2020/11/23 13:26,58.5966821655631
2020/11/23 13:27,58.598575851321215
2020/11/23 13:28,58.6011165253818
2020/11/23 13:29,58.60174265913665
2020/11/23 13:30,58.56616320945322
2020/11/23 13:31,58.59566834941506
2020/11/23 13:32,58.59953240863978
2020/11/23 13:33,58.6042835984379
2020/11/23 13:34,58.60158401206135
2020/11/23 13:35,58.60170831046998
2020/11/23 13:36,58.58302117697894
2020/11/23 13:37,58.59874696470796
2020/11/23 13:38,58.6008134547621
2020/11/23 13:39,58.603237721323964
2020/11/23 13:40,58.601498604565855
2020/11/23 13:41,58.56533406712114
2020/11/23 13:42,58.557879444956775
2020/11/23 13:43,58.55560493990779
2020/11/23 13:44,58.52117557376623
2020/11/23 13:45,58.54912312105298
2020/11/23 13:46,58.55119219720363
2020/11/23 13:47,58.55491876229643
2020/11/23 13:48,58.55144430845976
2020/11/23 13:49,58.748003591969606
2020/11/23 13:50,58.7848783776164
2020/11/23 13:51,58.837592772394416
2020/11/23 13:52,58.87531390786171
2020/11/23 13:53,58.84851229973137
2020/11/23 13:54,58.88129687532782
2020/11/23 13:55,58.85038281008601
2020/11/23 13:56,58.84784919805824
2020/11/23 13:57,58.925067288428544
2020/11/23 13:58,58.98456176519394
2020/11/23 13:59,58.997125221043824
2020/11/23 14:00,58.9156529687345
2020/11/23 14:01,58.93526539430022
2020/11/23 14:02,58.938914575427766
2020/11/23 14:03,58.94869472831488
2020/11/23 14:04,58.90710074752569
2020/11/23 14:05,58.86038523465395
2020/11/23 14:06,58.97016489952802
2020/11/23 14:07,59.07757059410214
2020/11/23 14:08,59.102028369903564
2020/11/23 14:09,59.09587936177849
2020/11/23 14:10,59.088991393148895
2020/11/23 14:11,59.08826954066753
2020/11/23 14:12,59.09032203927636
2020/11/23 14:13,59.09122856557369
2020/11/23 14:14,59.17591778934002
2020/11/23 14:15,59.1901341587305
2020/11/23 14:16,59.23565741479396
2020/11/23 14:17,59.28244593515992
2020/11/23 14:18,59.28904532194137
2020/11/23 14:19,59.28738842979073
2020/11/23 14:20,59.28765943944454
2020/11/23 14:21,59.28752476349473
2020/11/23 14:22,59.28866516575217
2020/11/23 14:23,59.28808740526438
2020/11/23 14:24,59.288302515447135
2020/11/23 14:25,59.28794875070452
2020/11/23 14:26,59.28819118067622
2020/11/23 14:27,59.28875302672386
2020/11/23 14:28,59.20833742693066
2020/11/23 14:29,59.15015973746776
2020/11/23 14:30,59.13869537264108
2020/11/23 14:31,59.14470035508275
2020/11/23 14:32,59.14813641533255
2020/11/23 14:33,59.19002023786306
2020/11/23 14:34,59.23660200312733
2020/11/23 14:35,59.245042425394054
2020/11/23 14:36,59.24413424134254
2020/11/23 14:37,59.24159177690744
2020/11/23 14:38,59.28555283173918
2020/11/23 14:39,59.28969323858618
2020/11/23 14:40,59.289739324152464
2020/11/23 14:41,59.28973640650511
2020/11/23 14:42,59.289168658852574
2020/11/23 14:43,59.29007578194141
2020/11/23 14:44,59.24877780973911
2020/11/23 14:45,59.32658655792474
2020/11/23 14:46,59.27751159667969
2020/11/23 14:47,59.2915871232748
2020/11/23 14:48,59.28782654106617
2020/11/23 14:49,59.29293302074075
2020/11/23 14:50,59.29169023558497
2020/11/23 14:51,59.13718973398208
2020/11/23 14:52,59.10159669071436
2020/11/23 14:53,59.09458730816841
2020/11/23 14:54,59.026755256205796
2020/11/23 14:55,58.93490672260523
2020/11/23 14:56,58.876272620260714
2020/11/23 14:57,58.86486176773906
2020/11/23 14:58,58.94571779966354
2020/11/23 14:59,58.95700664147734
2020/11/23 15:00,59.03946505859494
2020/11/23 15:01,59.088002973794936
2020/11/23 15:02,59.057641537487505
2020/11/23 15:03,59.129343914985654
2020/11/23 15:04,59.18348563611507
2020/11/23 15:05,59.197424829006195
2020/11/23 15:06,59.19469563513994
2020/11/23 15:07,59.27650659978389
2020/11/23 15:08,59.33382146134972
2020/11/23 15:09,59.345249289274214
2020/11/23 15:10,59.30019040331244
2020/11/23 15:11,59.24828744605183
2020/11/23 15:12,59.19810835421085
2020/11/23 15:13,59.19307335689663
2020/11/23 15:14,59.19472030252218
2020/11/23 15:15,59.23916727825999
2020/11/23 15:16,59.20428428426385
2020/11/23 15:17,59.32795831635594
2020/11/23 15:18,59.34327961206436
2020/11/23 15:19,59.43608069121837
2020/11/23 15:20,59.403772454708815
2020/11/23 15:21,59.395369696617124
2020/11/23 15:22,59.388184061646456
2020/11/23 15:23,59.3913603849709
2020/11/23 15:24,59.34841798692941
2020/11/23 15:25,59.38323360979557
2020/11/23 15:26,59.345491719245906
2020/11/23 15:27,59.47280087471008
2020/11/23 15:28,59.48733792006969
2020/11/23 15:29,59.62783033251762
2020/11/23 15:30,59.619075268507004
2020/11/23 15:31,59.51102974712848
2020/11/23 15:32,59.48737691044807
2020/11/23 15:33,59.443274018168445
2020/11/23 15:34,59.485525397956366
2020/11/23 15:35,59.622548064589495
2020/11/23 15:36,59.55615885555744
2020/11/23 15:37,59.532219028472895
2020/11/23 15:38,59.52912168055772
2020/11/23 15:39,59.53534847050905
2020/11/23 15:40,59.582528287172316
2020/11/23 15:41,59.62990279048681
2020/11/23 15:42,59.676643368601795
2020/11/23 15:43,59.72521503567695
2020/11/23 15:44,59.73351998627186
2020/11/23 15:45,59.73478823453188
2020/11/23 15:46,59.73312225788831
2020/11/23 15:47,59.732511010766025
2020/11/23 15:48,59.818591156601904
2020/11/23 15:49,59.87200930118561
2020/11/23 15:50,59.918114230036736
2020/11/23 15:51,59.92424566596746
2020/11/23 15:52,59.926177413761614
2020/11/23 15:53,59.77621551156044
2020/11/23 15:54,59.70457427203655
2020/11/23 15:55,59.64908022135496
2020/11/23 15:56,59.61062337458134
2020/11/23 15:57,59.55486540943384
2020/11/23 15:58,59.54458640515804
2020/11/23 15:59,59.58444093763828
2020/11/23 16:00,59.557494872808455
2020/11/23 16:01,59.55276722311973
2020/11/23 16:02,59.55378893017769
2020/11/23 16:03,59.558850252628325
2020/11/23 16:04,59.559873683750624
2020/11/23 16:05,59.55977342277765
2020/11/23 16:06,59.557769927382466
2020/11/23 16:07,59.556832434237
2020/11/23 16:08,59.55519828647375
2020/11/24 09:30,59.61243695765734
2020/11/24 09:31,59.900206771492954
2020/11/24 09:32,59.92774511873722
2020/11/24 09:33,59.91017318964004
2020/11/24 09:34,59.80722440034151
2020/11/24 09:35,59.850322958827014
2020/11/24 09:36,59.969151839613914
2020/11/24 09:37,59.98933134973049
2020/11/24 09:38,59.97698015272617
2020/11/24 09:39,59.976225808262825
2020/11/24 09:40,59.934969876706596
2020/11/24 09:41,59.93579092919826
2020/11/24 09:42,60.06047566086053
2020/11/24 09:43,60.31769850254059
2020/11/24 09:44,60.389907887578005
2020/11/24 09:45,60.43797506690025
2020/11/24 09:46,60.559524786472316
2020/11/24 09:47,60.73922189176082
2020/11/24 09:48,60.71902938485145
2020/11/24 09:49,60.72259740233421
2020/11/24 09:50,60.71230792105197
2020/11/24 09:51,60.750202324986454
2020/11/24 09:52,60.76718886792659
2020/11/24 09:53,60.80777679085731
2020/11/24 09:54,60.810486224293705
2020/11/24 09:55,60.820165917277336
2020/11/24 09:56,60.83503318727016
2020/11/24 09:57,60.79312383532524
2020/11/24 09:58,60.762889847159386
2020/11/24 09:59,60.760043549537656
2020/11/24 10:00,60.77020491957664
2020/11/24 10:01,60.80958971083164
2020/11/24 10:02,60.8282478004694
2020/11/24 10:03,60.831610256433486
2020/11/24 10:04,60.822967919707295
2020/11/24 10:05,60.81914049685001
2020/11/24 10:06,60.82227643728256
2020/11/24 10:07,60.82346365451812
2020/11/24 10:08,60.805858835577965
2020/11/24 10:09,60.793978706002235
2020/11/24 10:10,60.82554208040237
2020/11/24 10:11,60.88753598630428
2020/11/24 10:12,60.933695554733276
2020/11/24 10:13,60.932901424169536
2020/11/24 10:14,60.89567277431488
2020/11/24 10:15,60.91483933031559
2020/11/24 10:16,60.95531850457191
2020/11/24 10:17,60.95940745472908
2020/11/24 10:18,60.941994935274124
2020/11/24 10:19,60.95722266733646
2020/11/24 10:20,60.96149834692478
2020/11/24 10:21,60.952790495753284
2020/11/24 10:22,60.958372220396996
2020/11/24 10:23,60.971005633473396
2020/11/24 10:24,60.969087147712706
2020/11/24 10:25,60.96664666831493
2020/11/24 10:26,60.96985634565353
2020/11/24 10:27,60.96990859806537
2020/11/24 10:28,60.973037376999855
2020/11/24 10:29,60.99093661308289
2020/11/24 10:30,61.01770390570164
2020/11/24 10:31,61.00389998555183
2020/11/24 10:32,61.02354662716389
2020/11/24 10:33,61.02720403075218
2020/11/24 10:34,61.029482713341714
2020/11/24 10:35,61.03024528026581
2020/11/24 10:36,61.03489574491977
2020/11/24 10:37,61.00488164126873
2020/11/24 10:38,61.01758879125118
2020/11/24 10:39,60.98499310016632
2020/11/24 10:40,60.977188393473625
2020/11/24 10:41,60.97050432860851
2020/11/24 10:42,60.953778782486914
2020/11/24 10:43,60.97299918234348
2020/11/24 10:44,60.94414709806442
2020/11/24 10:45,60.94462214410305
2020/11/24 10:46,60.955348742008205
2020/11/24 10:47,60.954737627506255
2020/11/24 10:48,60.95605162978172
2020/11/24 10:49,60.96109332442283
2020/11/24 10:50,60.97422698140144
2020/11/24 10:51,60.961083775758745
2020/11/24 10:52,60.94874610602856
2020/11/24 10:53,60.94762493371963
2020/11/24 10:54,60.94821191132068
2020/11/24 10:55,60.95923080444336
2020/11/24 10:56,60.959443527460095
2020/11/24 10:57,60.959680917859075
2020/11/24 10:58,60.96726706624031
2020/11/24 10:59,60.99445290863514
2020/11/24 11:00,60.996507197618484
2020/11/24 11:01,60.97180135548115
2020/11/24 11:02,60.97675286829472
2020/11/24 11:03,61.00230376720428
2020/11/24 11:04,60.991593879461284
2020/11/24 11:05,61.00257776081562
2020/11/24 11:06,61.00575269162655
2020/11/24 11:07,60.99249543249607
2020/11/24 11:08,60.991502636671065
2020/11/24 11:09,60.99052336812019
2020/11/24 11:10,61.00164835751057
2020/11/24 11:11,61.00304087102413
2020/11/24 11:12,60.98923191130161
2020/11/24 11:13,61.001602470874786
2020/11/24 11:14,61.002233213186265
2020/11/24 11:15,61.00249924957752
2020/11/24 11:16,61.00348753631115
2020/11/24 11:17,61.00363474488258
2020/11/24 11:18,61.00390078127384
2020/11/24 11:19,61.00366710424423
2020/11/24 11:20,61.003497880697246
2020/11/24 11:21,60.99974472522735
2020/11/24 11:22,61.03555115461349
2020/11/24 11:23,61.03916930258274
2020/11/24 11:24,61.055711302161214
2020/11/24 11:25,61.073881348967554
2020/11/24 11:26,61.06647078990936
2020/11/24 11:27,61.0702390640974
2020/11/24 11:28,61.07062658071518
2020/11/24 11:29,61.070610135793686
2020/11/24 11:30,61.0687027901411
2020/11/24 11:31,61.06743865311146
2020/11/24 11:32,61.06529842615127
2020/11/24 11:33,61.069099590182304
2020/11/24 11:34,61.05595320165157
2020/11/24 11:35,61.06358364522457
2020/11/24 11:36,61.03503738343716
2020/11/24 11:37,61.02383149564266
2020/11/24 11:38,61.025886580348015
2020/11/24 11:39,61.03542490005493
2020/11/24 11:40,61.03531774282455
2020/11/24 11:41,61.03110943436622
2020/11/24 11:42,61.04353967308998
2020/11/24 11:43,61.05386283993721
2020/11/24 11:44,61.038915467262264
2020/11/24 11:45,61.05219076275825
2020/11/24 11:46,61.0522981852293
2020/11/24 11:47,61.05533492565155
2020/11/24 11:48,61.05532405078411
2020/11/24 11:49,61.056879156827925
2020/11/24 11:50,61.056561663746834
2020/11/24 11:51,61.05681656002998
2020/11/24 11:52,61.05830482542515
2020/11/24 11:53,61.04216546118259
2020/11/24 11:54,61.065957283973695
2020/11/24 11:55,61.03699857294559
2020/11/24 11:56,61.08670679628849
2020/11/24 11:57,61.10052981376648
2020/11/24 11:58,61.09864183068275
2020/11/24 11:59,61.098888504505155
2020/11/24 12:00,61.10020303726196
2020/11/24 12:01,61.102448830008505
2020/11/24 12:02,61.10306869745254
2020/11/24 12:03,61.10228438079357
2020/11/24 12:04,61.1006451934576
2020/11/24 12:05,61.099248436093326
2020/11/24 12:06,61.0977840423584
2020/11/24 12:07,61.09642786681652
2020/11/24 12:08,61.0951151907444
2020/11/24 12:09,61.094036456942554
2020/11/24 12:10,61.09317150712013
2020/11/24 12:11,61.09253121614456
2020/11/24 12:12,61.092042377591135
2020/11/24 12:13,61.091682446002956
2020/11/24 12:14,61.09140898287296
2020/11/24 12:15,61.09120156466961
2020/11/24 12:16,61.0910291582346
2020/11/24 12:17,61.09087770581245
2020/11/24 12:18,61.09073288440704
2020/11/24 12:19,61.090592306852336
2020/11/24 12:20,61.09045305550098
2020/11/24 12:21,61.090317517519
2020/11/24 12:22,61.09018622338772
2020/11/24 12:23,61.09006235599518
2020/11/24 12:24,61.089945915341374
2020/11/24 12:25,61.08983955383301
2020/11/24 12:26,61.0897430062294
2020/11/24 12:27,61.0896575987339
2020/11/24 12:28,61.089582005143164
2020/11/24 12:29,61.08951569497585
2020/11/24 12:30,61.08945787250995
2020/11/24 12:31,61.08940694630146
2020/11/24 12:32,61.08936238586902
2020/11/24 12:33,61.08932180404663
2020/11/24 12:34,61.08928679227829
2020/11/24 12:35,61.08925469815731
2020/11/24 12:36,61.08922684788704
2020/11/24 12:37,61.08920138478279
2020/11/24 12:38,61.08917990028858
2020/11/24 12:39,61.089161068201065
2020/11/24 12:40,61.089143827557564
2020/11/24 12:41,61.089129239320755
2020/11/24 12:42,61.089117568731304
2020/11/24 12:43,61.08910669386387
2020/11/24 12:44,61.08909847140312
2020/11/24 12:45,61.08909184038639
2020/11/24 12:46,61.08908733129501
2020/11/24 12:47,61.089083617925645
2020/11/24 12:48,61.089081761240955
2020/11/24 12:49,61.08908043503761
2020/11/24 12:50,61.089080169796944
2020/11/24 12:51,61.08907910883426
2020/11/24 12:52,61.08907725214958
2020/11/24 12:53,61.089078578352925
2020/11/24 12:54,61.089071947336194
2020/11/24 12:55,61.0890727430582
2020/11/24 12:56,61.0890727430582
2020/11/24 12:57,61.089073008298875
2020/11/24 12:58,61.089073008298875
2020/11/24 12:59,61.089073008298875
2020/11/24 13:00,61.089073008298875
2020/11/24 13:01,61.09518654048443
2020/11/24 13:02,61.08114151656628
2020/11/24 13:03,61.091829389333725
2020/11/24 13:04,61.100799563527104
2020/11/24 13:05,61.08643996417522
2020/11/24 13:06,61.08384617567062
2020/11/24 13:07,61.08170568346977
2020/11/24 13:08,61.07985509932041
2020/11/24 13:09,61.07799841463566
2020/11/24 13:10,61.07894161045551
2020/11/24 13:11,61.07367870509624
2020/11/24 13:12,61.074460899829866
2020/11/24 13:13,61.07370867729187
2020/11/24 13:14,61.08183034658432
2020/11/24 13:15,61.06540107429027
2020/11/24 13:16,61.07300685048103
2020/11/24 13:17,61.0729553937912
2020/11/24 13:18,61.066766533255574
2020/11/24 13:19,61.073994076251985
2020/11/24 13:20,61.08431989550591
2020/11/24 13:21,61.075321605801584
2020/11/24 13:22,61.08075426518917
2020/11/24 13:23,61.09515258967876
2020/11/24 13:24,61.06851579546928
2020/11/24 13:25,61.07380336821079
2020/11/24 13:26,61.07549533843994
2020/11/24 13:27,61.09468497037887
2020/11/24 13:28,61.08654632568359
2020/11/24 13:29,61.088856837153436
2020/11/24 13:30,61.082522094249725
2020/11/24 13:31,61.09695118665695
2020/11/24 13:32,61.086718732118605
2020/11/24 13:33,61.0926041573286
2020/11/24 13:34,61.10010463297367
2020/11/24 13:35,61.101113873720166
2020/11/24 13:36,61.0936133980751
2020/11/24 13:37,61.10063935816288
2020/11/24 13:38,61.086991134285924
2020/11/24 13:39,61.081390312314035
2020/11/24 13:40,61.08210062682628
2020/11/24 13:41,61.082957088947296
2020/11/24 13:42,61.09549050629139
2020/11/24 13:43,61.07176234126091
2020/11/24 13:44,61.09449479281902
2020/11/24 13:45,61.06565968394279
2020/11/24 13:46,61.076020780205724
2020/11/24 13:47,61.05397185385227
2020/11/24 13:48,61.074821361899374
2020/11/24 13:49,61.06677183806896
2020/11/24 13:50,61.0619410097599
2020/11/24 13:51,61.07323363125324
2020/11/24 13:52,61.06794685423374
2020/11/24 13:53,61.06125111877918
2020/11/24 13:54,61.07041757106781
2020/11/24 13:55,61.07127138078213
2020/11/24 13:56,61.05546144545078
2020/11/24 13:57,61.075204104185104
2020/11/24 13:58,61.08184201717376
2020/11/24 13:59,61.09118326306343
2020/11/24 14:00,61.08663412034512
2020/11/24 14:01,61.09325877130031
2020/11/24 14:02,61.097143220901486
2020/11/24 14:03,61.09929830133915
2020/11/24 14:04,61.10886208415031
2020/11/24 14:05,61.09619710743427
2020/11/24 14:06,61.100910699367525
2020/11/24 14:07,61.101978027820586
2020/11/24 14:08,61.10792896747589
2020/11/24 14:09,61.0965323716402
2020/11/24 14:10,61.087459018826486
2020/11/24 14:11,61.08453076183796
2020/11/24 14:12,61.09850629270077
2020/11/24 14:13,61.09960465431213
2020/11/24 14:14,61.10354745686054
2020/11/24 14:15,61.09523083567619
2020/11/24 14:16,61.093608888983724
2020/11/24 14:17,61.12145199775696
2020/11/24 14:18,61.12052020728588
2020/11/24 14:19,61.11670578122139
2020/11/24 14:20,61.124152943491936
2020/11/24 14:21,61.114941930770875
2020/11/24 14:22,61.116806307435034
2020/11/24 14:23,61.117484527826306
2020/11/24 14:24,61.120839822292325
2020/11/24 14:25,61.11107843518257
2020/11/24 14:26,61.11226485669613
2020/11/24 14:27,61.106660321354866
2020/11/24 14:28,61.10435113608837
2020/11/24 14:29,61.11724475026131
2020/11/24 14:30,61.1151193767786
2020/11/24 14:31,61.10588237047195
2020/11/24 14:32,61.10391826331615
2020/11/24 14:33,61.10912546813488
2020/11/24 14:34,61.11486633718014
2020/11/24 14:35,61.11366824507713
2020/11/24 14:36,61.11266457438469
2020/11/24 14:37,61.12000484466552
2020/11/24 14:38,61.10409013926983
2020/11/24 14:39,61.10507842600345
2020/11/24 14:40,61.12002845108509
2020/11/24 14:41,61.11264176368713
2020/11/24 14:42,61.09890123605728
2020/11/24 14:43,61.112563252449036
2020/11/24 14:44,61.115960985422134
2020/11/24 14:45,61.113919427990915
2020/11/24 14:46,61.11368787288666
2020/11/24 14:47,61.11437352001667
2020/11/24 14:48,61.11953245103359
2020/11/24 14:49,61.11369370818138
2020/11/24 14:50,61.117351642251016
2020/11/24 14:51,61.1153005361557
2020/11/24 14:52,61.11598671376705
2020/11/24 14:53,61.12037114202976
2020/11/24 14:54,61.117769396305086
2020/11/24 14:55,61.12334926426411
2020/11/24 14:56,61.118151342868806
2020/11/24 14:57,61.11720257699489
2020/11/24 14:58,61.118182110786435
2020/11/24 14:59,61.116572099924085
2020/11/24 15:00,61.120890483260155
2020/11/24 15:01,61.117234671115874
2020/11/24 15:02,61.11612941324711
2020/11/24 15:03,61.119934025406835
2020/11/24 15:04,61.11180068552494
2020/11/24 15:05,61.11311309635639
2020/11/24 15:06,61.113689199090004
2020/11/24 15:07,61.11827494502067
2020/11/24 15:08,61.10954693555832
2020/11/24 15:09,61.11671029031277
2020/11/24 15:10,61.11371917128563
2020/11/24 15:11,61.1129223883152
2020/11/24 15:12,61.107226610183716
2020/11/24 15:13,61.121244579553604
2020/11/24 15:14,61.114692074060436
2020/11/24 15:15,61.09701855778694
2020/11/24 15:16,61.10460125803947
2020/11/24 15:17,61.118501991033554
2020/11/24 15:18,61.115338465571405
2020/11/24 15:19,61.117376840114595
2020/11/24 15:20,61.12004038691521
2020/11/24 15:21,61.113722884655
2020/11/24 15:22,61.112652108073235
2020/11/24 15:23,61.111670452356336
2020/11/24 15:24,61.10988962650299
2020/11/24 15:25,61.108719649910924
2020/11/24 15:26,61.106713104248044
2020/11/24 15:27,61.11145693361759
2020/11/24 15:28,61.10509778857231
2020/11/24 15:29,61.104758810997005
2020/11/24 15:30,61.10181331336498
2020/11/24 15:31,61.1028862118721
2020/11/24 15:32,61.094647836685176
2020/11/24 15:33,61.10461186766624
2020/11/24 15:34,61.09877630770206
2020/11/24 15:35,61.107661339640615
2020/11/24 15:36,61.09734506905079
2020/11/24 15:37,61.106020560860635
2020/11/24 15:38,61.0939006537199
2020/11/24 15:39,61.092978146672245
2020/11/24 15:40,61.09046923518181
2020/11/24 15:41,61.09881980717182
2020/11/24 15:42,61.09108247160911
2020/11/24 15:43,61.106415504217146
2020/11/24 15:44,61.108842986822125
2020/11/24 15:45,61.109700775146486
2020/11/24 15:46,61.10675050318241
2020/11/24 15:47,61.10832682847977
2020/11/24 15:48,61.113828715682025
2020/11/24 15:49,61.10986098051071
2020/11/24 15:50,61.11830518245697
2020/11/24 15:51,61.09615705609321
2020/11/24 15:52,61.10739477276802
2020/11/24 15:53,61.112658473849294
2020/11/24 15:54,61.09744692146778
2020/11/24 15:55,61.09671459197998
2020/11/24 15:56,61.100255554914476
2020/11/24 15:57,61.112383684515954
2020/11/24 15:58,61.10539194047451
2020/11/24 15:59,61.10363286435604
2020/11/24 16:00,61.10688736736774
2020/11/24 16:01,61.10318301618099
2020/11/24 16:02,61.10772314071655
2020/11/24 16:03,61.1068213224411
2020/11/24 16:04,61.108426824212074
2020/11/24 16:05,61.10848066806793
2020/11/24 16:06,61.10910928845406
2020/11/24 16:07,61.10906950235367
2020/11/24 16:08,61.109325194358824
2020/11/24 16:09,61.10929044783115
2020/11/25 09:30,61.10565028488636
2020/11/25 09:31,61.063669848442075
2020/11/25 09:32,61.08905311524868
2020/11/25 09:33,61.09312323331833
2020/11/25 09:34,61.10383232533932
2020/11/25 09:35,61.10347822904587
2020/11/25 09:36,61.10815203487873
2020/11/25 09:37,61.115953558683394
2020/11/25 09:38,61.114569798111916
2020/11/25 09:39,61.11847546696663
2020/11/25 09:40,61.123438915610315
2020/11/25 09:41,61.12140558063984
2020/11/25 09:42,61.1251383125782
2020/11/25 09:43,61.125460845232006
2020/11/25 09:44,61.123941546678545
2020/11/25 09:45,61.11789512038231
2020/11/25 09:46,61.124078676104546
2020/11/25 09:47,61.131346800923346
2020/11/25 09:48,61.12542715966701
2020/11/25 09:49,61.1272835791111
2020/11/25 09:50,61.135748204588886
2020/11/25 09:51,61.12892833650112
2020/11/25 09:52,61.13145740628242
2020/11/25 09:53,61.13399602472782
2020/11/25 09:54,61.1314343303442
2020/11/25 09:55,61.13071473240852
2020/11/25 09:56,61.12825754284859
2020/11/25 09:57,61.15983789265156
2020/11/25 09:58,61.145795786380766
2020/11/25 09:59,61.13011343181133
2020/11/25 10:00,61.13835392892361
2020/11/25 10:01,61.13228681385517
2020/11/25 10:02,61.130784490704535
2020/11/25 10:03,61.11509895324707
2020/11/25 10:04,61.11757550537586
2020/11/25 10:05,61.124387151002885
2020/11/25 10:06,61.13494983017444
2020/11/25 10:07,61.133717256784436
2020/11/25 10:08,61.12464337348938
2020/11/25 10:09,61.12632049024105
2020/11/25 10:10,61.12886335253715
2020/11/25 10:11,61.13012430667877
2020/11/25 10:12,61.13760595023632
2020/11/25 10:13,61.134906861186025
2020/11/25 10:14,61.126680156588556
2020/11/25 10:15,61.13546227514744
2020/11/25 10:16,61.13786535561085
2020/11/25 10:17,61.13264356255531
2020/11/25 10:18,61.131668272614476
2020/11/25 10:19,61.13573388159275
2020/11/25 10:20,61.13040413558483
2020/11/25 10:21,61.13484108150005
2020/11/25 10:22,61.12981397509575
2020/11/25 10:23,61.13086751103401
2020/11/25 10:24,61.13161469399929
2020/11/25 10:25,61.13207992613315
2020/11/25 10:26,61.135948196053505
2020/11/25 10:27,61.13080385327339
2020/11/25 10:28,61.132161885499954
2020/11/25 10:29,61.13654763996601
2020/11/25 10:30,61.13122452497482
2020/11/25 10:31,61.12823261022567
2020/11/25 10:32,61.13331515192986
2020/11/25 10:33,61.13000972270965
2020/11/25 10:34,61.126905876398084
2020/11/25 10:35,61.13158551752567
2020/11/25 10:36,61.132391318678856
2020/11/25 10:37,61.13148021697998
2020/11/25 10:38,61.13427001833916
2020/11/25 10:39,61.129740768671034
2020/11/25 10:40,61.13365174233913
2020/11/25 10:41,61.13576332330704
2020/11/25 10:42,61.14124823510647
2020/11/25 10:43,61.12849678993225
2020/11/25 10:44,61.1289259493351
2020/11/25 10:45,61.13330799043178
2020/11/25 10:46,61.12691515982151
2020/11/25 10:47,61.12708677053451
2020/11/25 10:48,61.13040970563888
2020/11/25 10:49,61.127748280763626
2020/11/25 10:50,61.12349806427955
2020/11/25 10:51,61.12767852246761
2020/11/25 10:52,61.13044020831585
2020/11/25 10:53,61.12289066314697
2020/11/25 10:54,61.13199717104435
2020/11/25 10:55,61.13558561205864
2020/11/25 10:56,61.128253298997876
2020/11/25 10:57,61.13145395815372
2020/11/25 10:58,61.12007433772087
2020/11/25 10:59,61.10765099525452
2020/11/25 11:00,61.11452497243881
2020/11/25 11:01,61.1266305565834
2020/11/25 11:02,61.11930567026138
2020/11/25 11:03,61.108793917298314
2020/11/25 11:04,61.11316349208355
2020/11/25 11:05,61.11150998175144
2020/11/25 11:06,61.11911177933216
2020/11/25 11:07,61.11427564620971
2020/11/25 11:08,61.116561490297315
2020/11/25 11:09,61.11765534281731
2020/11/25 11:10,61.107919949293134
2020/11/25 11:11,61.11316508352756
2020/11/25 11:12,61.1033140450716
2020/11/25 11:13,61.114105361700055
2020/11/25 11:14,61.11212295293808
2020/11/25 11:15,61.114435851573944
2020/11/25 11:16,61.124285033345224
2020/11/25 11:17,61.121987253427505
2020/11/25 11:18,61.128299716114995
2020/11/25 11:19,61.12854851186275
2020/11/25 11:20,61.126484939455985
2020/11/25 11:21,61.12739126682281
2020/11/25 11:22,61.12900207340717
2020/11/25 11:23,61.13071950674057
2020/11/25 11:24,61.13301755189895
2020/11/25 11:25,61.13262499570846
2020/11/25 11:26,61.13191335499287
2020/11/25 11:27,61.12656185925007
2020/11/25 11:28,61.128215900063516
2020/11/25 11:29,61.130118471384044
2020/11/25 11:30,61.13082745969295
2020/11/25 11:31,61.13365731239319
2020/11/25 11:32,61.133168739080425
2020/11/25 11:33,61.13035745322704
2020/11/25 11:34,61.13129507899284
2020/11/25 11:35,61.13500844836235
2020/11/25 11:36,61.134946116805075
2020/11/25 11:37,61.13473525047302
2020/11/25 11:38,61.13705504536629
2020/11/25 11:39,61.136747100949286
2020/11/25 11:40,61.13325335085392
2020/11/25 11:41,61.139681458473206
2020/11/25 11:42,61.138634288311
2020/11/25 11:43,61.134535789489746
2020/11/25 11:44,61.134573984146115
2020/11/25 11:45,61.13827276527881
2020/11/25 11:46,61.137345218658446
2020/11/25 11:47,61.13636117577553
2020/11/25 11:48,61.13299845457077
2020/11/25 11:49,61.13685001432896
2020/11/25 11:50,61.136528277397154
2020/11/25 11:51,61.13328040540218
2020/11/25 11:52,61.13431590497493
2020/11/25 11:53,61.13527634143829
2020/11/25 11:54,61.13606941103935
2020/11/25 11:55,61.13916848301887
2020/11/25 11:56,61.13869184553623
2020/11/25 11:57,61.142137587070465
2020/11/25 11:58,61.137797188758846
2020/11/25 11:59,61.147484838962555
2020/11/25 12:00,61.14123444259167
2020/11/25 12:01,61.14061669707298
2020/11/25 12:02,61.140258356928825
2020/11/25 12:03,61.140312200784685
2020/11/25 12:04,61.13976898789406
2020/11/25 12:05,61.13941489160061
2020/11/25 12:06,61.13890722095966
2020/11/25 12:07,61.13863322734833
2020/11/25 12:08,61.138489997386934
2020/11/25 12:09,61.13822502195835
2020/11/25 12:10,61.13806959092617
2020/11/25 12:11,61.1376621812582
2020/11/25 12:12,61.13743699193001
2020/11/25 12:13,61.137075734138485
2020/11/25 12:14,61.13672429025173
2020/11/25 12:15,61.136496713757516
2020/11/25 12:16,61.13621078431606
2020/11/25 12:17,61.13603678643703
2020/11/25 12:18,61.13587127625942
2020/11/25 12:19,61.135651922225954
2020/11/25 12:20,61.13541665375232
2020/11/25 12:21,61.135181915760036
2020/11/25 12:22,61.13494346439838
2020/11/25 12:23,61.13475673496723
2020/11/25 12:24,61.13458194136619
2020/11/25 12:25,61.134424653649326
2020/11/25 12:26,61.134175857901575
2020/11/25 12:27,61.13393289744854
2020/11/25 12:28,61.13369285464287
2020/11/25 12:29,61.13345413804054
2020/11/25 12:30,61.133270856738086
2020/11/25 12:31,61.13309765458107
2020/11/25 12:32,61.13288095295429
2020/11/25 12:33,61.13266425132751
2020/11/25 12:34,61.13249104917049
2020/11/25 12:35,61.13231890797615
2020/11/25 12:36,61.132144114375116
2020/11/25 12:37,61.132022368907926
2020/11/25 12:38,61.131899031996724
2020/11/25 12:39,61.13171946406364
2020/11/25 12:40,61.131632995605464
2020/11/25 12:41,61.13155740201473
2020/11/25 12:42,61.131432473659515
2020/11/25 12:43,61.131300118565555
2020/11/25 12:44,61.131216037273404
2020/11/25 12:45,61.13113885223866
2020/11/25 12:46,61.131063523888585
2020/11/25 12:47,61.13094071745872
2020/11/25 12:48,61.13086591958999
2020/11/25 12:49,61.13079324364662
2020/11/25 12:50,61.130678394436835
2020/11/25 12:51,61.130564871430394
2020/11/25 12:52,61.13045055270195
2020/11/25 12:53,61.13033437728882
2020/11/25 12:54,61.13025109171867
2020/11/25 12:55,61.130169132351874
2020/11/25 12:56,61.13012855052948
2020/11/25 12:57,61.13002855479717
2020/11/25 12:58,61.13007444143295
2020/11/25 12:59,61.13007338047027
2020/11/25 13:00,61.13007258474827
2020/11/25 13:01,61.137009954452516
2020/11/25 13:02,61.13334936797619
2020/11/25 13:03,61.124698808789255
2020/11/25 13:04,61.1266780346632
2020/11/25 13:05,61.12036530673504
2020/11/25 13:06,61.12348825037479
2020/11/25 13:07,61.12714087963104
2020/11/25 13:08,61.12708464860916
2020/11/25 13:09,61.128540289402004
2020/11/25 13:10,61.1261207640171
2020/11/25 13:11,61.12869916856289
2020/11/25 13:12,61.13009857833385
2020/11/25 13:13,61.12177240848541
2020/11/25 13:14,61.124508631229396
2020/11/25 13:15,61.13029273450375
2020/11/25 13:16,61.132126873731615
2020/11/25 13:17,61.132579639554024
2020/11/25 13:18,61.12976755797863
2020/11/25 13:19,61.131145218014716
2020/11/25 13:20,61.138293188810344
2020/11/25 13:21,61.136293274164196
2020/11/25 13:22,61.141672354936595
2020/11/25 13:23,61.13871147334576
2020/11/25 13:24,61.143638318777086
2020/11/25 13:25,61.14431229531765
2020/11/25 13:26,61.141568115353586
2020/11/25 13:27,61.14355025887489
2020/11/25 13:28,61.148242896795274
2020/11/25 13:29,61.14372850060463
2020/11/25 13:30,61.1454573392868
2020/11/25 13:31,61.148380821943285
2020/11/25 13:32,61.15047914087772
2020/11/25 13:33,61.149370700120926
2020/11/25 13:34,61.14620903134346
2020/11/25 13:35,61.14660477042198
2020/11/25 13:36,61.14734744429588
2020/11/25 13:37,61.14753974378109
2020/11/25 13:38,61.14758960902691
2020/11/25 13:39,61.149880757927896
2020/11/25 13:40,61.15443971455097
2020/11/25 13:41,61.14985980391502
2020/11/25 13:42,61.14913861453533
2020/11/25 13:43,61.14916009902954
2020/11/25 13:44,61.14947626590729
2020/11/25 13:45,61.15459275841713
2020/11/25 13:46,61.14982903599739
2020/11/25 13:47,61.1485471278429
2020/11/25 13:48,61.14803176522255
2020/11/25 13:49,61.15035262107849
2020/11/25 13:50,61.14865879416465
2020/11/25 13:51,61.14835641980171
2020/11/25 13:52,61.15083376765251
2020/11/25 13:53,61.15241619348526
2020/11/25 13:54,61.150799286365505
2020/11/25 13:55,61.155290606617925
2020/11/25 13:56,61.14867470860481
2020/11/25 13:57,61.14820841550827
2020/11/25 13:58,61.14769225716591
2020/11/25 13:59,61.147129681706424
2020/11/25 14:00,61.14665198326111
2020/11/25 14:01,61.13750330209732
2020/11/25 14:02,61.135150086879726
2020/11/25 14:03,61.140286737680434
2020/11/25 14:04,61.137960311770435
2020/11/25 14:05,61.13560895323753
2020/11/25 14:06,61.13977084457874
2020/11/25 14:07,61.14558279812336
2020/11/25 14:08,61.14665940999985
2020/11/25 14:09,61.14902350008487
2020/11/25 14:10,61.148068368434906
2020/11/25 14:11,61.14917203485965
2020/11/25 14:12,61.15061467885971
2020/11/25 14:13,61.1514626532793
2020/11/25 14:14,61.154103389382364
2020/11/25 14:15,61.158101096749306
2020/11/25 14:16,61.15680857896805
2020/11/25 14:17,61.155492189526555
2020/11/25 14:18,61.15250717103481
2020/11/25 14:19,61.15249656140804
2020/11/25 14:20,61.15274854004383
2020/11/25 14:21,61.15995672047138
2020/11/25 14:22,61.15704437792301
2020/11/25 14:23,61.14946857392788
2020/11/25 14:24,61.15414052307606
2020/11/25 14:25,61.148966473340984
2020/11/25 14:26,61.148925095796585
2020/11/25 14:27,61.14961896538734
2020/11/25 14:28,61.14941419959068
2020/11/25 14:29,61.15128626823425
2020/11/25 14:30,61.15048338472843
2020/11/25 14:31,61.145057356357576
2020/11/25 14:32,61.14582204520702
2020/11/25 14:33,61.14740685820579
2020/11/25 14:34,61.150146529078484
2020/11/25 14:35,61.151153382658954
2020/11/25 14:36,61.15212999880314
2020/11/25 14:37,61.14815669357777
2020/11/25 14:38,61.15054863393306
2020/11/25 14:39,61.148778152465816
2020/11/25 14:40,61.148994323611255
2020/11/25 14:41,61.14923887550831
2020/11/25 14:42,61.14931287765503
2020/11/25 14:43,61.14915638566017
2020/11/25 14:44,61.14981816112995
2020/11/25 14:45,61.154575783014295
2020/11/25 14:46,61.14798508286476
2020/11/25 14:47,61.150260052084924
2020/11/25 14:48,61.1511987388134
2020/11/25 14:49,61.14822273850441
2020/11/25 14:50,61.14819197058677
2020/11/25 14:51,61.14952825307846
2020/11/25 14:52,61.142673638463016
2020/11/25 14:53,61.14312693476677
2020/11/25 14:54,61.15147883296013
2020/11/25 14:55,61.15021204352379
2020/11/25 14:56,61.149912321567534
2020/11/25 14:57,61.15311987698078
2020/11/25 14:58,61.15409251451492
2020/11/25 14:59,61.15497364401817
2020/11/25 15:00,61.161563283205034
2020/11/25 15:01,61.15627040565014
2020/11/25 15:02,61.15972304344177
2020/11/25 15:03,61.1592880487442
2020/11/25 15:04,61.15922412574291
2020/11/25 15:05,61.15548370182514
2020/11/25 15:06,61.158448562026024
2020/11/25 15:07,61.15734250843525
2020/11/25 15:08,61.15532376170158
2020/11/25 15:09,61.151600843667985
2020/11/25 15:10,61.149136227369304
2020/11/25 15:11,61.15015740394592
2020/11/25 15:12,61.15065552592277
2020/11/25 15:13,61.150366148352624
2020/11/25 15:14,61.14816969037056
2020/11/25 15:15,61.14867497384548
2020/11/25 15:16,61.152119654417035
2020/11/25 15:17,61.14979455471039
2020/11/25 15:18,61.149813652038574
2020/11/25 15:19,61.150662422180176
2020/11/25 15:20,61.15121757090092
2020/11/25 15:21,61.15125443935394
2020/11/25 15:22,61.152823868393895
2020/11/25 15:23,61.15264801383018
2020/11/25 15:24,61.152584886550905
2020/11/25 15:25,61.152662336826324
2020/11/25 15:26,61.1530257165432
2020/11/25 15:27,61.151450452208515
2020/11/25 15:28,61.15396864712238
2020/11/25 15:29,61.15859921872616
2020/11/25 15:30,61.151114392280576
2020/11/25 15:31,61.15445483326912
2020/11/25 15:32,61.15801966786385
2020/11/25 15:33,61.15693350732327
2020/11/25 15:34,61.14882934391498
2020/11/25 15:35,61.14905294179916
2020/11/25 15:36,61.15429462790489
2020/11/25 15:37,61.15475163757801
2020/11/25 15:38,61.1540460973978
2020/11/25 15:39,61.15119953453541
2020/11/25 15:40,61.15192098915577
2020/11/25 15:41,61.15131650567054
2020/11/25 15:42,61.152480381727216
2020/11/25 15:43,61.15523225367069
2020/11/25 15:44,61.157392638921735
2020/11/25 15:45,61.1547473937273
2020/11/25 15:46,61.16087498366833
2020/11/25 15:47,61.15869125723839
2020/11/25 15:48,61.15695472657681
2020/11/25 15:49,61.15714066028595
2020/11/25 15:50,61.15322809517384
2020/11/25 15:51,61.15529007613659
2020/11/25 15:52,61.15636085271835
2020/11/25 15:53,61.160136288404466
2020/11/25 15:54,61.15598208904266
2020/11/25 15:55,61.156898230314255
2020/11/25 15:56,61.15623088479042
2020/11/25 15:57,61.155702790617944
2020/11/25 15:58,61.15274058282375
2020/11/25 15:59,61.1553598344326
2020/11/25 16:00,61.15481158196926
2020/11/25 16:01,61.1541970193386
2020/11/25 16:02,61.15407341718674
2020/11/25 16:03,61.153561502695084
2020/11/25 16:04,61.15319334864616
2020/11/25 16:05,61.153115102648734
2020/11/25 16:06,61.153081682324405
2020/11/25 16:07,61.15304163098335
2020/11/25 16:08,61.15292572081089
