Time,Last Trade,Predicted Last Trade
2020/11/17 10:22,61.5,
2020/11/17 10:23,61.5,
2020/11/17 10:24,61.6,
2020/11/17 10:25,61.6,
2020/11/17 10:26,61.65,
2020/11/17 10:27,61.65,61.52971251308918
2020/11/17 10:28,61.55,61.5342033624649
2020/11/17 10:29,61.6,61.53911700844765
2020/11/17 10:30,61.6,61.54425105154514
2020/11/17 10:31,61.7,61.5493862748146
2020/11/17 10:32,61.7,61.55424769818783
2020/11/17 10:33,61.65,61.55863616764545
2020/11/17 10:34,61.65,61.562411832809445
2020/11/17 10:35,61.7,61.56627778112888
2020/11/17 10:36,61.5,61.570909070968625
2020/11/17 10:37,61.55,61.57718109488487
2020/11/17 10:38,61.55,61.58543551266193
2020/11/17 10:39,61.5,61.595048603415485
2020/11/17 10:40,61.55,61.6053019374609
2020/11/17 10:41,61.6,61.61585975587368
2020/11/17 10:42,61.65,61.626589289307596
2020/11/17 10:43,61.5,61.63745159208774
2020/11/17 10:44,61.5,61.647924438118935
2020/11/17 10:45,61.6,61.65749002695083
2020/11/17 10:46,61.5,61.6661218047142
2020/11/17 10:47,61.6,61.67326479554176
2020/11/17 10:48,61.55,61.67857291400433
2020/11/17 10:49,61.45,61.68190483450889
2020/11/17 10:50,61.325,61.68322308659553
2020/11/17 10:51,61.275,61.68285782337188
2020/11/17 10:52,61.2,61.68144338726997
2020/11/17 10:53,61.1,61.679759576916695
2020/11/17 10:54,61.1,61.67753731310368
2020/11/17 10:55,61.15,61.67441428303719
2020/11/17 10:56,61.3,61.670435628294946
2020/11/17 10:57,61.3,61.66540071964264
2020/11/17 10:58,61.35,61.659844470024105
2020/11/17 10:59,61.35,61.6541392236948
2020/11/17 11:00,61.35,61.64822095632553
2020/11/17 11:01,61.35,61.64177131652832
2020/11/17 11:02,61.3,61.63452565073967
2020/11/17 11:03,61.3,61.62609597742557
2020/11/17 11:04,61.2,61.61619020402431
2020/11/17 11:05,61.2,61.60477853119373
2020/11/17 11:06,61.25,61.5920102506876
2020/11/17 11:07,61.35,61.578706762194635
2020/11/17 11:08,61.3,61.56519615352153
2020/11/17 11:09,61.3,61.551650729775425
2020/11/17 11:10,61.25,61.53821919262409
2020/11/17 11:11,61.3,61.52530693113804
2020/11/17 11:12,61.3,61.513469806313516
2020/11/17 11:13,61.2,61.502883958816525
2020/11/17 11:14,61.3,61.4933263361454
2020/11/17 11:15,61.25,61.48382742702961
2020/11/17 11:16,61.25,61.47354370355606
2020/11/17 11:17,61.2,61.46251971721649
2020/11/17 11:18,61.3,61.4517258644104
2020/11/17 11:19,61.2,61.44195433557034
2020/11/17 11:20,61.25,61.4336355984211
2020/11/17 11:21,61.25,61.42671861052513
2020/11/17 11:22,61.25,61.421217533946034
2020/11/17 11:23,61.25,61.41715449690819
2020/11/17 11:24,61.25,61.4140066832304
2020/11/17 11:25,61.25,61.411702102422716
2020/11/17 11:26,61.35,61.409909716248514
2020/11/17 11:27,61.35,61.40837106704712
2020/11/17 11:28,61.35,61.406645950675006
2020/11/17 11:29,61.35,61.404956239461896
2020/11/17 11:30,61.3,61.403161787986754
2020/11/17 11:31,61.35,61.40138975977897
2020/11/17 11:32,61.35,61.39971834123134
2020/11/17 11:33,61.35,61.398200049996376
2020/11/17 11:34,61.4,61.396805381774904
2020/11/17 11:35,61.45,61.395441102981565
2020/11/17 11:36,61.5,61.39411163926125
2020/11/17 11:37,61.5,61.393623343110086
2020/11/17 11:38,61.45,61.394701135158535
2020/11/17 11:39,61.45,61.39778728485107
2020/11/17 11:40,61.4,61.40286438465118
2020/11/17 11:41,61.4,61.40933792293072
2020/11/17 11:42,61.45,61.416738191246985
2020/11/17 11:43,61.45,61.42460049688816
2020/11/17 11:44,61.35,61.432454246282575
2020/11/17 11:45,61.45,61.44013274013996
2020/11/17 11:46,61.35,61.447877913713455
2020/11/17 11:47,61.45,61.456503200531
2020/11/17 11:48,61.45,61.46667008697987
2020/11/17 11:49,61.45,61.478270292282104
2020/11/17 11:50,61.45,61.49085476100445
2020/11/17 11:51,61.45,61.503374910354616
2020/11/17 11:52,61.35,61.51469777524471
2020/11/17 11:53,61.4,61.524241825938226
2020/11/17 11:54,61.3,61.53166717290878
2020/11/17 11:55,61.4,61.53660737276077
2020/11/17 11:56,61.4,61.5394362449646
2020/11/17 11:57,61.35,61.540262365341185
2020/11/17 11:58,61.4,61.539613565802576
2020/11/17 11:59,61.45,61.538122713565826
2020/11/17 12:00,61.45,61.536351865530015
2020/11/17 12:01,61.45,61.534713786840435
2020/11/17 12:02,61.45,61.53347401618957
2020/11/17 12:03,61.45,61.53235137760639
2020/11/17 12:04,61.45,61.53118064701557
2020/11/17 12:05,61.45,61.52952162027359
2020/11/17 12:06,61.45,61.52748110294342
2020/11/17 12:07,61.45,61.52524231672287
2020/11/17 12:08,61.45,61.522774872183795
2020/11/17 12:09,61.45,61.52023307681083
2020/11/17 12:10,61.45,61.51807070672512
2020/11/17 12:11,61.45,61.51666423678398
2020/11/17 12:12,61.45,61.5162296384573
2020/11/17 12:13,61.45,61.51682326495647
2020/11/17 12:14,61.45,61.518401744961736
2020/11/17 12:15,61.45,61.52053608596325
2020/11/17 12:16,61.45,61.52287548184395
2020/11/17 12:17,61.45,61.52516147494316
2020/11/17 12:18,61.45,61.52694264948368
2020/11/17 12:19,61.45,61.527749297022815
2020/11/17 12:20,61.45,61.52745130360126
2020/11/17 12:21,61.45,61.526176717877384
2020/11/17 12:22,61.45,61.52419963479042
2020/11/17 12:23,61.45,61.52184401154518
2020/11/17 12:24,61.45,61.51941757798195
2020/11/17 12:25,61.45,61.51716876029968
2020/11/17 12:26,61.45,61.51527104377747
2020/11/17 12:27,61.45,61.513826513290404
2020/11/17 12:28,61.45,61.51287086904049
2020/11/17 12:29,61.45,61.512389063835144
2020/11/17 12:30,61.45,61.51233389079571
2020/11/17 12:31,61.45,61.512636014819144
2020/11/17 12:32,61.45,61.513219609856606
2020/11/17 12:33,61.45,61.51400737464428
2020/11/17 12:34,61.45,61.514927023649214
2020/11/17 12:35,61.45,61.515916007757184
2020/11/17 12:36,61.45,61.51692092418671
2020/11/17 12:37,61.45,61.517900466918945
2020/11/17 12:38,61.45,61.51882336139679
2020/11/17 12:39,61.45,61.519670724868774
2020/11/17 12:40,61.45,61.52042869031429
2020/11/17 12:41,61.45,61.52109224200249
2020/11/17 12:42,61.45,61.52166197001934
2020/11/17 12:43,61.45,61.52214141488075
2020/11/17 12:44,61.45,61.52253736257553
2020/11/17 12:45,61.45,61.52285807430744
2020/11/17 12:46,61.45,61.523112991452216
2020/11/17 12:47,61.45,61.523311260342595
2020/11/17 12:48,61.45,61.52346173226833
2020/11/17 12:49,61.45,61.523573553562166
2020/11/17 12:50,61.45,61.52365262508392
2020/11/17 12:51,61.45,61.52370750308037
2020/11/17 12:52,61.45,61.52374290823936
2020/11/17 12:53,61.45,61.523762971162796
2020/11/17 12:54,61.45,61.52377300262451
2020/11/17 12:55,61.45,61.52377447783947
2020/11/17 12:56,61.45,61.52377211749553
2020/11/17 12:57,61.45,61.523765036463736
2020/11/17 12:58,61.45,61.52375707030296
2020/11/17 12:59,61.45,61.523748219013214
2020/11/17 13:00,61.275,61.52373907268047
2020/11/17 13:01,61.275,61.523729926347734
2020/11/17 13:02,61.3,61.52372166514397
2020/11/17 13:03,61.2,61.52371487915516
2020/11/17 13:04,61.3,61.52370838820934
2020/11/17 13:05,61.25,61.52370307743549
2020/11/17 13:06,61.3,61.52369865179062
2020/11/17 13:07,61.4,61.52369511127472
2020/11/17 13:08,61.4,61.52369186580181
2020/11/17 13:09,61.4,61.52368980050087
2020/11/17 13:10,61.4,61.52368773519993
2020/11/17 13:11,61.35,61.52374054789543
2020/11/17 13:12,61.35,61.52378214895725
2020/11/17 13:13,61.35,61.523795720934864
2020/11/17 13:14,61.325,61.523501268029214
2020/11/17 13:15,61.35,61.52283948659897
2020/11/17 13:16,61.35,61.52152772545814
2020/11/17 13:17,61.3,61.51947511136532
2020/11/17 13:18,61.35,61.51712627410888
2020/11/17 13:19,61.35,61.51488070189953
2020/11/17 13:20,61.35,61.512904503941535
2020/11/17 13:21,61.35,61.51140716075897
2020/11/17 13:22,61.35,61.51022964417934
2020/11/17 13:23,61.35,61.509131494164464
2020/11/17 13:24,61.25,61.50764005184173
2020/11/17 13:25,61.25,61.50535582900047
2020/11/17 13:26,61.35,61.50202597379684
2020/11/17 13:27,61.35,61.49760888516903
2020/11/17 13:28,61.35,61.49216032624245
2020/11/17 13:29,61.35,61.48604821562767
2020/11/17 13:30,61.35,61.47968118786812
2020/11/17 13:31,61.35,61.473333632946016
2020/11/17 13:32,61.35,61.467323607206346
2020/11/17 13:33,61.35,61.46188980042934
2020/11/17 13:34,61.225,61.45721425414085
2020/11/17 13:35,61.225,61.45319606363773
2020/11/17 13:36,61.25,61.44966115355491
2020/11/17 13:37,61.25,61.44697036147117
2020/11/17 13:38,61.3,61.445401617884635
2020/11/17 13:39,61.3,61.44506379365921
2020/11/17 13:40,61.3,61.44590437114238
2020/11/17 13:41,61.4,61.447746914625164
2020/11/17 13:42,61.4,61.450346833467485
2020/11/17 13:43,61.4,61.45344448983669
2020/11/17 13:44,61.4,61.45678083598614
2020/11/17 13:45,61.4,61.459601151943204
2020/11/17 13:46,61.3,61.46123923063278
2020/11/17 13:47,61.3,61.46149650812149
2020/11/17 13:48,61.25,61.46042874753475
2020/11/17 13:49,61.25,61.45846582651138
2020/11/17 13:50,61.2,61.455997791886325
2020/11/17 13:51,61.2,61.45331083536148
2020/11/17 13:52,61.2,61.45133552253246
2020/11/17 13:53,61.2,61.45090121924877
2020/11/17 13:54,61.2,61.452514219284055
2020/11/17 13:55,61.15,61.456235301494594
2020/11/17 13:56,61.15,61.461703333258626
2020/11/17 13:57,61.35,61.467768827080725
2020/11/17 13:58,61.35,61.4732563316822
2020/11/17 13:59,61.35,61.477263605594636
2020/11/17 14:00,61.25,61.479308548569676
2020/11/17 14:01,61.25,61.479206463694574
2020/11/17 14:02,61.25,61.47705530524254
2020/11/17 14:03,61.25,61.47307783067226
2020/11/17 14:04,61.2,61.46750122308731
2020/11/17 14:05,61.2,61.460487166047095
2020/11/17 14:06,61.2,61.45173501074314
2020/11/17 14:07,61.15,61.4411721765995
2020/11/17 14:08,61.15,61.430654779076576
2020/11/17 14:09,61.15,61.421774280071254
2020/11/17 14:10,61.25,61.41579700410366
2020/11/17 14:11,61.25,61.41275452077389
2020/11/17 14:12,61.15,61.41212076842785
2020/11/17 14:13,61.15,61.41317731738091
2020/11/17 14:14,61.1,61.41521901488304
2020/11/17 14:15,61.05,61.41738374531269
2020/11/17 14:16,61.1,61.418901446461675
2020/11/17 14:17,61.1,61.41924045085907
2020/11/17 14:18,61.1,61.41792927980423
2020/11/17 14:19,61.2,61.41474458575249
2020/11/17 14:20,61.2,61.40947570800781
2020/11/17 14:21,61.2,61.40298210680485
2020/11/17 14:22,61.15,61.39609226286411
2020/11/17 14:23,61.15,61.38908410668373
2020/11/17 14:24,61.15,61.38196501433849
2020/11/17 14:25,61.15,61.37472200393677
2020/11/17 14:26,61.15,61.367153856158254
2020/11/17 14:27,61.2,61.359399831295015
2020/11/17 14:28,61.25,61.35172369778156
2020/11/17 14:29,61.2,61.34438391327858
2020/11/17 14:30,61.25,61.33826206624508
2020/11/17 14:31,61.3,61.33382078409195
2020/11/17 14:32,61.3,61.33113530278206
2020/11/17 14:33,61.3,61.32985629141331
2020/11/17 14:34,61.3,61.329541185498236
2020/11/17 14:35,61.3,61.329780760407445
2020/11/17 14:36,61.4,61.330085244774814
2020/11/17 14:37,61.3,61.330133926868434
2020/11/17 14:38,61.3,61.32997873425484
2020/11/17 14:39,61.3,61.330153399705885
2020/11/17 14:40,61.3,61.33082786798477
2020/11/17 14:41,61.25,61.3325733423233
2020/11/17 14:42,61.25,61.33604009747505
2020/11/17 14:43,61.3,61.341655355691906
2020/11/17 14:44,61.3,61.349443605542184
2020/11/17 14:45,61.25,61.359038108587264
2020/11/17 14:46,61.25,61.36978121399879
2020/11/17 14:47,61.25,61.381657579541205
2020/11/17 14:48,61.3,61.393948185443875
2020/11/17 14:49,61.3,61.40575492084026
2020/11/17 14:50,61.2,61.41618941128254
2020/11/17 14:51,61.3,61.42466511130333
2020/11/17 14:52,61.15,61.43083770573139
2020/11/17 14:53,61.15,61.434708669781685
2020/11/17 14:54,61.175,61.43666509985923
2020/11/17 14:55,61.175,61.43723069727421
2020/11/17 14:56,61.05,61.43669017851352
2020/11/17 14:57,61.05,61.43493762314319
2020/11/17 14:58,61.05,61.43211170136929
2020/11/17 14:59,61.05,61.42860983610153
2020/11/17 15:00,61.05,61.4248990803957
2020/11/17 15:01,60.95,61.42102044522762
2020/11/17 15:02,61.1,61.41740557849407
2020/11/17 15:03,61.1,61.41400992870331
2020/11/17 15:04,61.075,61.41059244573116
2020/11/17 15:05,61.075,61.40706107616425
2020/11/17 15:06,61.075,61.40340077280998
2020/11/17 15:07,61.025,61.399332424998285
2020/11/17 15:08,61.0,61.39460967183113
2020/11/17 15:09,60.95,61.3890144765377
2020/11/17 15:10,60.95,61.382305493950845
2020/11/17 15:11,61.0,61.37445794045925
2020/11/17 15:12,61.0,61.365545281767844
2020/11/17 15:13,61.0,61.355634197592735
2020/11/17 15:14,61.0,61.34515279531479
2020/11/17 15:15,61.0,61.33437782526016
2020/11/17 15:16,61.25,61.323419043421744
2020/11/17 15:17,61.2,61.31254523396492
2020/11/17 15:18,61.2,61.301864087581635
2020/11/17 15:19,61.2,61.29140127301216
2020/11/17 15:20,61.2,61.2811355471611
2020/11/17 15:21,61.2,61.271082842350005
2020/11/17 15:22,61.2,61.26155708432197
2020/11/17 15:23,61.2,61.25274119973182
2020/11/17 15:24,61.2,61.244697442650796
2020/11/17 15:25,61.2,61.237504589557645
2020/11/17 15:26,61.2,61.23101069331169
2020/11/17 15:27,61.2,61.22754747867584
2020/11/17 15:28,61.2,61.22868781983852
2020/11/17 15:29,61.2,61.23512595295906
2020/11/17 15:30,61.4,61.24661109149456
2020/11/17 15:31,61.4,61.2621772646904
2020/11/17 15:32,61.35,61.280387023091315
2020/11/17 15:33,61.35,61.299667787551876
2020/11/17 15:34,61.35,61.31846881210804
2020/11/17 15:35,61.25,61.33532697856426
2020/11/17 15:36,61.25,61.3485608369112
2020/11/17 15:37,61.15,61.35721385776996
2020/11/17 15:38,61.2,61.36125093102455
2020/11/17 15:39,61.2,61.36128899157047
2020/11/17 15:40,61.2,61.3582780778408
2020/11/17 15:41,61.3,61.35554125905037
2020/11/17 15:42,61.35,61.35582745075226
2020/11/17 15:43,61.4,61.36045401990413
2020/11/17 15:44,61.4,61.36953219771385
2020/11/17 15:45,61.4,61.382329982519146
2020/11/17 15:46,61.35,61.39717359542846
2020/11/17 15:47,61.3,61.4121718108654
2020/11/17 15:48,61.25,61.42556263208389
2020/11/17 15:49,61.3,61.43618417978286
2020/11/17 15:50,61.3,61.44350950717926
2020/11/17 15:51,61.3,61.44741705656052
2020/11/17 15:52,61.25,61.44857952594757
2020/11/17 15:53,61.2,61.448106572031975
2020/11/17 15:54,61.2,61.447469279170036
2020/11/17 15:55,61.25,61.44789856672287
2020/11/17 15:56,61.25,61.45025123953819
2020/11/17 15:57,61.3,61.45475536584854
2020/11/17 15:58,61.3,61.460352626442905
2020/11/17 15:59,61.3,61.465657794475554
2020/11/17 16:00,61.3,61.469706964492794
2020/11/17 16:01,61.3,61.47183127403259
2020/11/17 16:02,61.3,61.471907100081445
2020/11/17 16:03,61.3,61.46999109089374
2020/11/17 16:04,61.3,61.466176480054855
2020/11/17 16:05,61.3,61.46058541536331
2020/11/17 16:06,61.3,61.453555130958556
2020/11/17 16:07,61.3,61.4454980969429
2020/11/17 16:08,61.5,61.437153396010395
2020/11/18 09:30,61.15,61.42932118475437
2020/11/18 09:31,61.8,61.42258564829826
2020/11/18 09:32,61.8,61.41725658178329
2020/11/18 09:33,61.825,61.41345642805099
2020/11/18 09:34,61.9,61.41117486059665
2020/11/18 09:35,61.9,61.41016640365124
2020/11/18 09:36,61.9,61.4099383354187
2020/11/18 09:37,61.85,61.410048976540565
2020/11/18 09:38,61.8,61.409975215792656
2020/11/18 09:39,61.65,61.40948042869568
2020/11/18 09:40,61.7,61.41304808855057
2020/11/18 09:41,61.75,61.41941246092319
2020/11/18 09:42,61.875,61.43206951022148
2020/11/18 09:43,61.9,61.45415377318859
2020/11/18 09:44,61.75,61.48722248673439
2020/11/18 09:45,61.7,61.53154620528221
2020/11/18 09:46,61.65,61.585059037804605
2020/11/18 09:47,61.575,61.64471260011196
2020/11/18 09:48,61.7,61.70613760054111
2020/11/18 09:49,61.625,61.76454283595085
2020/11/18 09:50,61.7,61.81540293693542
2020/11/18 09:51,61.6,61.85402553975582
2020/11/18 09:52,61.6,61.878666350245474
2020/11/18 09:53,61.6,61.89122515022755
2020/11/18 09:54,61.7,61.89414843618869
2020/11/18 09:55,61.65,61.88955550193786
2020/11/18 09:56,61.6,61.87923430800438
2020/11/18 09:57,61.625,61.86464797258377
2020/11/18 09:58,61.7,61.846998205780984
2020/11/18 09:59,61.65,61.82797530889511
2020/11/18 10:00,61.625,61.80866828560829
2020/11/18 10:01,61.6,61.790355852246286
2020/11/18 10:02,61.65,61.77353545129299
2020/11/18 10:03,61.65,61.75835991501808
2020/11/18 10:04,61.55,61.744044724106786
2020/11/18 10:05,61.5,61.730561554431915
2020/11/18 10:06,61.35,61.71795879304409
2020/11/18 10:07,61.25,61.70613996088505
2020/11/18 10:08,61.35,61.6954080671072
2020/11/18 10:09,61.3,61.68619239926338
2020/11/18 10:10,61.25,61.67877324819565
2020/11/18 10:11,61.225,61.67290779352188
2020/11/18 10:12,61.3,61.668217790126796
2020/11/18 10:13,61.3,61.66475870609283
2020/11/18 10:14,61.4,61.66239629685879
2020/11/18 10:15,61.4,61.660691243410106
2020/11/18 10:16,61.5,61.65909919142723
2020/11/18 10:17,61.5,61.65717492103577
2020/11/18 10:18,61.5,61.654498586058615
2020/11/18 10:19,61.5,61.65116371512413
2020/11/18 10:20,61.5,61.64694932103157
2020/11/18 10:21,61.55,61.641455915570255
2020/11/18 10:22,61.55,61.634310859441754
2020/11/18 10:23,61.575,61.62528637945652
2020/11/18 10:24,61.35,61.61388945877552
2020/11/18 10:25,61.35,61.60038121044636
2020/11/18 10:26,61.35,61.585256716609
2020/11/18 10:27,61.3,61.57021217942238
2020/11/18 10:28,61.2,61.557031428813936
2020/11/18 10:29,61.2,61.5472023665905
2020/11/18 10:30,61.1,61.54140359163284
2020/11/18 10:31,61.15,61.539570489525794
2020/11/18 10:32,61.15,61.54130799770355
2020/11/18 10:33,61.175,61.54581743478775
2020/11/18 10:34,61.2,61.552322247624396
2020/11/18 10:35,61.15,61.55894330739975
2020/11/18 10:36,61.15,61.56424050927162
2020/11/18 10:37,61.2,61.5675193220377
2020/11/18 10:38,61.1,61.5685142070055
2020/11/18 10:39,61.15,61.567167630791666
2020/11/18 10:40,61.25,61.56352945566177
2020/11/18 10:41,61.1,61.557584929466245
2020/11/18 10:42,61.1,61.54954589307308
2020/11/18 10:43,61.1,61.53931586742401
2020/11/18 10:44,61.1,61.52636790573597
2020/11/18 10:45,61.1,61.51083300709724
2020/11/18 10:46,61.15,61.4928923279047
2020/11/18 10:47,61.15,61.47280432581901
2020/11/18 10:48,61.1,61.451249960064885
2020/11/18 10:49,61.15,61.42877801060676
2020/11/18 10:50,61.15,61.40628393292427
2020/11/18 10:51,61.25,61.38549402356148
2020/11/18 10:52,61.35,61.3669228374958
2020/11/18 10:53,61.35,61.350755366683
2020/11/18 10:54,61.5,61.33703586757183
2020/11/18 10:55,61.45,61.32566225528717
2020/11/18 10:56,61.45,61.31646989583969
2020/11/18 10:57,61.5,61.3095396310091
2020/11/18 10:58,61.5,61.304778817296025
2020/11/18 10:59,61.45,61.30174075961113
2020/11/18 11:00,61.45,61.300207421183586
2020/11/18 11:01,61.35,61.29972473084926
2020/11/18 11:02,61.35,61.30073997378349
2020/11/18 11:03,61.4,61.30476111471653
2020/11/18 11:04,61.4,61.31293026506901
2020/11/18 11:05,61.4,61.32716343402863
2020/11/18 11:06,61.4,61.347709932923316
2020/11/18 11:07,61.25,61.373725938796994
2020/11/18 11:08,61.15,61.403982892632484
2020/11/18 11:09,61.15,61.43662261366844
2020/11/18 11:10,61.15,61.469192704558374
2020/11/18 11:11,61.1,61.499049285054205
2020/11/18 11:12,61.15,61.5237626761198
2020/11/18 11:13,61.15,61.54194293022156
2020/11/18 11:14,61.15,61.553445771336555
2020/11/18 11:15,61.15,61.558892560005184
2020/11/18 11:16,61.15,61.55939236283302
2020/11/18 11:17,61.15,61.55622950196266
2020/11/18 11:18,61.15,61.5502050191164
2020/11/18 11:19,61.15,61.541683587431905
2020/11/18 11:20,61.1,61.53110246062278
2020/11/18 11:21,61.1,61.51891748011112
2020/11/18 11:22,61.1,61.50554082095623
2020/11/18 11:23,61.1,61.491607415676114
2020/11/18 11:24,61.1,61.47751232683658
2020/11/18 11:25,61.15,61.46338773369789
2020/11/18 11:26,61.1,61.44903625249862
2020/11/18 11:27,61.15,61.433714964985846
2020/11/18 11:28,61.15,61.41695829331875
2020/11/18 11:29,61.15,61.398988699913026
2020/11/18 11:30,61.1,61.380441412329674
2020/11/18 11:31,61.15,61.36206200420856
2020/11/18 11:32,61.15,61.34441341757774
2020/11/18 11:33,61.15,61.32804944813251
2020/11/18 11:34,61.15,61.313439804315564
2020/11/18 11:35,61.4,61.30091404914856
2020/11/18 11:36,61.4,61.29097523093223
2020/11/18 11:37,61.4,61.28351506888866
2020/11/18 11:38,61.55,61.27852323651314
2020/11/18 11:39,61.45,61.275900894403456
2020/11/18 11:40,61.6,61.27538191378117
2020/11/18 11:41,61.6,61.27633578777313
2020/11/18 11:42,61.6,61.27840728461742
2020/11/18 11:43,61.65,61.28130106627941
2020/11/18 11:44,61.6,61.28475306928158
2020/11/18 11:45,61.6,61.28845438361168
2020/11/18 11:46,61.6,61.295680281519886
2020/11/18 11:47,61.6,61.307742819190025
2020/11/18 11:48,61.6,61.32518753111362
2020/11/18 11:49,61.6,61.34900753200054
2020/11/18 11:50,61.6,61.37865433692932
2020/11/18 11:51,61.65,61.4134104013443
2020/11/18 11:52,61.65,61.45192619860172
2020/11/18 11:53,61.6,61.492293980717655
2020/11/18 11:54,61.6,61.53248709738254
2020/11/18 11:55,61.55,61.56971532702446
2020/11/18 11:56,61.55,61.60210573673248
2020/11/18 11:57,61.5,61.62840114831924
2020/11/18 11:58,61.5,61.647892573475836
2020/11/18 11:59,61.45,61.660788017511365
2020/11/18 12:00,61.45,61.66732174456119
2020/11/18 12:01,61.45,61.66837357282638
2020/11/18 12:02,61.45,61.66554617583751
2020/11/18 12:03,61.45,61.66052631437778
2020/11/18 12:04,61.45,61.6545941799879
2020/11/18 12:05,61.45,61.648493871092796
2020/11/18 12:06,61.45,61.642595666646955
2020/11/18 12:07,61.45,61.63711494803429
2020/11/18 12:08,61.45,61.63219776153564
2020/11/18 12:09,61.45,61.62788334786892
2020/11/18 12:10,61.45,61.62403982281685
2020/11/18 12:11,61.45,61.620552414655684
2020/11/18 12:12,61.45,61.617203971743585
2020/11/18 12:13,61.45,61.61363837718964
2020/11/18 12:14,61.45,61.609550261497496
2020/11/18 12:15,61.45,61.604622748494144
2020/11/18 12:16,61.45,61.598702710866924
2020/11/18 12:17,61.45,61.59167272150516
2020/11/18 12:18,61.45,61.58362925946712
2020/11/18 12:19,61.45,61.5746325135231
2020/11/18 12:20,61.45,61.565001130104065
2020/11/18 12:21,61.45,61.55519360601902
2020/11/18 12:22,61.45,61.545696172118184
2020/11/18 12:23,61.45,61.53694431185722
2020/11/18 12:24,61.45,61.52926788330078
2020/11/18 12:25,61.45,61.52287341654301
2020/11/18 12:26,61.45,61.517844998836516
2020/11/18 12:27,61.45,61.51416286230087
2020/11/18 12:28,61.45,61.51172846257686
2020/11/18 12:29,61.45,61.51038572192192
2020/11/18 12:30,61.45,61.509951123595236
2020/11/18 12:31,61.45,61.51022875905037
2020/11/18 12:32,61.45,61.51103039085865
2020/11/18 12:33,61.45,61.512186074256896
2020/11/18 12:34,61.45,61.513549172878264
2020/11/18 12:35,61.45,61.51499989926815
2020/11/18 12:36,61.45,61.51644649505615
2020/11/18 12:37,61.45,61.51782257556915
2020/11/18 12:38,61.45,61.519082114100456
2020/11/18 12:39,61.45,61.52019944190979
2020/11/18 12:40,61.45,61.52116187214851
2020/11/18 12:41,61.45,61.52196940481662
2020/11/18 12:42,61.45,61.52262764573097
2020/11/18 12:43,61.45,61.523149576783176
2020/11/18 12:44,61.45,61.523550835251804
2020/11/18 12:45,61.45,61.5238473534584
2020/11/18 12:46,61.45,61.5240556538105
2020/11/18 12:47,61.45,61.52419225871563
2020/11/18 12:48,61.45,61.524272510409354
2020/11/18 12:49,61.45,61.52430791556835
2020/11/18 12:50,61.45,61.524310275912285
2020/11/18 12:51,61.45,61.524289327859876
2020/11/18 12:52,61.45,61.52425215244293
2020/11/18 12:53,61.45,61.52420524060726
2020/11/18 12:54,61.45,61.52415301799774
2020/11/18 12:55,61.45,61.52409902513027
2020/11/18 12:56,61.45,61.524045917391774
2020/11/18 12:57,61.45,61.52399605512619
2020/11/18 12:58,61.45,61.52395002841949
2020/11/18 12:59,61.45,61.52390813231468
2020/11/18 13:00,61.4,61.52387095689773
2020/11/18 13:01,61.25,61.52383850216865
2020/11/18 13:02,61.25,61.523810473084446
2020/11/18 13:03,61.25,61.52378657460213
2020/11/18 13:04,61.25,61.52376680672169
2020/11/18 13:05,61.35,61.52374998927116
2020/11/18 13:06,61.35,61.52373641729355
2020/11/18 13:07,61.4,61.523725205659865
2020/11/18 13:08,61.4,61.52371605932712
2020/11/18 13:09,61.35,61.52370868325233
2020/11/18 13:10,61.45,61.52370248734951
2020/11/18 13:11,61.55,61.52379365563392
2020/11/18 13:12,61.5,61.524002841115
2020/11/18 13:13,61.4,61.524108466506
2020/11/18 13:14,61.35,61.523926720023155
2020/11/18 13:15,61.35,61.52328470647335
2020/11/18 13:16,61.35,61.52257748842239
2020/11/18 13:17,61.35,61.52183486521244
2020/11/18 13:18,61.25,61.52126779258251
2020/11/18 13:19,61.25,61.52095504701138
2020/11/18 13:20,61.25,61.520487108826636
2020/11/18 13:21,61.15,61.52030772268772
2020/11/18 13:22,61.05,61.52183427512646
2020/11/18 13:23,61.1,61.52556863427162
2020/11/18 13:24,61.25,61.53078322410583
2020/11/18 13:25,61.15,61.53601138591766
2020/11/18 13:26,61.15,61.540080323815346
2020/11/18 13:27,61.15,61.54230288267136
2020/11/18 13:28,61.2,61.54250380694866
2020/11/18 13:29,61.15,61.5407415151596
2020/11/18 13:30,61.2,61.537040495872496
2020/11/18 13:31,61.15,61.531648290157314
2020/11/18 13:32,61.1,61.52437341511249
2020/11/18 13:33,61.05,61.51477360129356
2020/11/18 13:34,61.1,61.502747353911396
2020/11/18 13:35,61.05,61.48946746885776
2020/11/18 13:36,61.1,61.47538831233978
2020/11/18 13:37,61.05,61.460715824365614
2020/11/18 13:38,61.05,61.445557105541226
2020/11/18 13:39,61.1,61.43046388626099
2020/11/18 13:40,61.15,61.41556539535522
2020/11/18 13:41,61.25,61.40126613676548
2020/11/18 13:42,61.2,61.387871184945105
2020/11/18 13:43,61.25,61.375314155220984
2020/11/18 13:44,61.2,61.36319762468338
2020/11/18 13:45,61.25,61.35142068862915
2020/11/18 13:46,61.25,61.34002494812012
2020/11/18 13:47,61.25,61.329388353228566
2020/11/18 13:48,61.25,61.319577583670615
2020/11/18 13:49,61.25,61.31054248213768
2020/11/18 13:50,61.25,61.3025603890419
2020/11/18 13:51,61.25,61.29593136310577
2020/11/18 13:52,61.3,61.2919149428606
2020/11/18 13:53,61.3,61.29108292162418
2020/11/18 13:54,61.25,61.29389232099056
2020/11/18 13:55,61.3,61.30002508461475
2020/11/18 13:56,61.3,61.3090669721365
2020/11/18 13:57,61.25,61.32035059630871
2020/11/18 13:58,61.3,61.33292178809643
2020/11/18 13:59,61.25,61.345603030920024
2020/11/18 14:00,61.3,61.35720471143723
2020/11/18 14:01,61.3,61.36680098474026
2020/11/18 14:02,61.3,61.37402658760548
2020/11/18 14:03,61.3,61.37926301062107
2020/11/18 14:04,61.3,61.383153152465816
2020/11/18 14:05,61.35,61.385909444093706
2020/11/18 14:06,61.35,61.38802254199982
2020/11/18 14:07,61.4,61.38993619084358
2020/11/18 14:08,61.4,61.3916893362999
2020/11/18 14:09,61.4,61.39349883496761
2020/11/18 14:10,61.45,61.39525139033794
2020/11/18 14:11,61.45,61.39704112112522
2020/11/18 14:12,61.4,61.3989789634943
2020/11/18 14:13,61.35,61.4010852754116
2020/11/18 14:14,61.35,61.403393691778184
2020/11/18 14:15,61.35,61.40581953525543
2020/11/18 14:16,61.3,61.4087702602148
2020/11/18 14:17,61.3,61.41243528425694
2020/11/18 14:18,61.3,61.417344799637796
2020/11/18 14:19,61.3,61.42382954955101
2020/11/18 14:20,61.3,61.431758829951285
2020/11/18 14:21,61.3,61.44123856127262
2020/11/18 14:22,61.25,61.452216520905495
2020/11/18 14:23,61.25,61.46396749317646
2020/11/18 14:24,61.25,61.47559867799282
2020/11/18 14:25,61.35,61.48585378229618
2020/11/18 14:26,61.35,61.49395153224468
2020/11/18 14:27,61.3,61.499447003006935
2020/11/18 14:28,61.35,61.50231482088566
2020/11/18 14:29,61.55,61.5028355717659
2020/11/18 14:30,61.55,61.50142467617989
2020/11/18 14:31,61.55,61.4983895689249
2020/11/18 14:32,61.55,61.49393855035305
2020/11/18 14:33,61.45,61.4879347205162
2020/11/18 14:34,61.45,61.48043974339962
2020/11/18 14:35,61.45,61.4717038154602
2020/11/18 14:36,61.5,61.4628014832735
2020/11/18 14:37,61.5,61.4546580016613
2020/11/18 14:38,61.45,61.447685840725896
2020/11/18 14:39,61.45,61.442368575930594
2020/11/18 14:40,61.45,61.441131165623666
2020/11/18 14:41,61.45,61.445583659410474
2020/11/18 14:42,61.45,61.456373086571695
2020/11/18 14:43,61.45,61.473038884997365
2020/11/18 14:44,61.45,61.49368304312229
2020/11/18 14:45,61.45,61.51571537852287
2020/11/18 14:46,61.45,61.53690448105335
2020/11/18 14:47,61.45,61.55587574541568
2020/11/18 14:48,61.45,61.5715416431427
2020/11/18 14:49,61.45,61.582952725887296
2020/11/18 14:50,61.55,61.5898331284523
2020/11/18 14:51,61.55,61.592438063025476
2020/11/18 14:52,61.55,61.59131217896938
2020/11/18 14:53,61.55,61.587019303441046
2020/11/18 14:54,61.5,61.580358707904814
2020/11/18 14:55,61.5,61.57223587930202
2020/11/18 14:56,61.5,61.56346985697746
2020/11/18 14:57,61.55,61.55467167496681
2020/11/18 14:58,61.55,61.546064090728756
2020/11/18 14:59,61.4,61.5378978908062
2020/11/18 15:00,61.45,61.53040999472141
2020/11/18 15:01,61.45,61.5250647008419
2020/11/18 15:02,61.5,61.5228170633316
2020/11/18 15:03,61.45,61.52411731779575
2020/11/18 15:04,61.45,61.52887105047703
2020/11/18 15:05,61.45,61.536244469881055
2020/11/18 15:06,61.45,61.54516420960426
2020/11/18 15:07,61.5,61.554595258831974
2020/11/18 15:08,61.45,61.56390829086303
2020/11/18 15:09,61.5,61.572623860836025
2020/11/18 15:10,61.5,61.580136835575104
2020/11/18 15:11,61.5,61.586091983318326
2020/11/18 15:12,61.45,61.590180984139444
2020/11/18 15:13,61.45,61.59258617460728
2020/11/18 15:14,61.45,61.593370988965034
2020/11/18 15:15,61.5,61.59268029332161
2020/11/18 15:16,61.45,61.59075425267219
2020/11/18 15:17,61.5,61.587867847085
2020/11/18 15:18,61.45,61.58452766537666
2020/11/18 15:19,61.55,61.58064637482166
2020/11/18 15:20,61.6,61.57642430961132
2020/11/18 15:21,61.6,61.57218926250935
2020/11/18 15:22,61.6,61.56827256679535
2020/11/18 15:23,61.6,61.56466271579266
2020/11/18 15:24,61.6,61.56128535866737
2020/11/18 15:25,61.6,61.5581121712923
2020/11/18 15:26,61.55,61.55539482533931
2020/11/18 15:27,61.5,61.55311679840088
2020/11/18 15:28,61.45,61.55146426260471
2020/11/18 15:29,61.45,61.550348410010336
2020/11/18 15:30,61.55,61.55036109685898
2020/11/18 15:31,61.55,61.55248304605484
2020/11/18 15:32,61.55,61.55722114145755
2020/11/18 15:33,61.55,61.564736771583554
2020/11/18 15:34,61.55,61.574629268050195
2020/11/18 15:35,61.55,61.58617193996906
2020/11/18 15:36,61.55,61.59855961501598
2020/11/18 15:37,61.65,61.610873234272
2020/11/18 15:38,61.65,61.62178303897381
2020/11/18 15:39,61.65,61.630051323771475
2020/11/18 15:40,61.65,61.63519126772881
2020/11/18 15:41,61.65,61.63785668611526
2020/11/18 15:42,61.6,61.63858603239059
2020/11/18 15:43,61.65,61.637935757637024
2020/11/18 15:44,61.7,61.63636347353458
2020/11/18 15:45,61.7,61.6341857612133
2020/11/18 15:46,61.7,61.63157374560833
2020/11/18 15:47,61.55,61.62871920466423
2020/11/18 15:48,61.6,61.626930359005925
2020/11/18 15:49,61.6,61.626737695932384
2020/11/18 15:50,61.6,61.62824093997478
2020/11/18 15:51,61.55,61.63136042952537
2020/11/18 15:52,61.55,61.635964575409886
2020/11/18 15:53,61.65,61.641419920325276
2020/11/18 15:54,61.65,61.64726059138775
2020/11/18 15:55,61.65,61.653668040037154
2020/11/18 15:56,61.7,61.660432785749435
2020/11/18 15:57,61.7,61.66724827885628
2020/11/18 15:58,61.7,61.67353741526603
2020/11/18 15:59,61.65,61.67893522679805
2020/11/18 16:00,61.65,61.68302039206028
2020/11/18 16:01,61.65,61.68564745485782
2020/11/18 16:02,61.65,61.686735278368
2020/11/18 16:03,61.65,61.68636499941349
2020/11/18 16:04,61.65,61.685380735993384
2020/11/18 16:05,61.65,61.68429881334305
2020/11/18 16:06,61.65,61.683664470911026
2020/11/18 16:07,61.65,61.683727610111234
2020/11/18 16:08,61.7,61.68470538258553
2020/11/19 09:30,60.75,61.68682408630848
2020/11/19 09:31,60.7,61.68978454768658
2020/11/19 09:32,60.7,61.69301792383194
2020/11/19 09:33,60.4,61.69589547812939
2020/11/19 09:34,60.3,61.697709107398985
2020/11/19 09:35,60.55,61.698161113262174
2020/11/19 09:36,60.45,61.69728513062
2020/11/19 09:37,60.4,61.695323389768596
2020/11/19 09:38,60.4,61.69256591796875
2020/11/19 09:39,60.5,61.68925258517265
2020/11/19 09:40,60.35,61.68784375488758
2020/11/19 09:41,60.35,61.687772354483606
2020/11/19 09:42,60.7,61.687487047910686
2020/11/19 09:43,60.85,61.685519406199454
2020/11/19 09:44,60.65,61.67968758642673
2020/11/19 09:45,60.65,61.667385178804395
2020/11/19 09:46,60.6,61.64744646847248
2020/11/19 09:47,60.7,61.61864437162876
2020/11/19 09:48,60.75,61.57979281544685
2020/11/19 09:49,60.75,61.52918881177902
2020/11/19 09:50,60.75,61.464408287405966
2020/11/19 09:51,60.7,61.385873743891715
2020/11/19 09:52,60.7,61.295651072263716
2020/11/19 09:53,60.75,61.1998998850584
2020/11/19 09:54,60.8,61.10722245573997
2020/11/19 09:55,60.75,61.02371820807457
2020/11/19 09:56,60.65,60.95355757474899
2020/11/19 09:57,60.7,60.89848337471485
2020/11/19 09:58,60.6,60.85915266871452
2020/11/19 09:59,60.6,60.8351633131504
2020/11/19 10:00,60.65,60.82521151304245
2020/11/19 10:01,60.65,60.826795893907544
2020/11/19 10:02,60.8,60.83591213226318
2020/11/19 10:03,61.1,60.84922034144401
2020/11/19 10:04,61.35,60.86428494155407
2020/11/19 10:05,61.3,60.87999007999897
2020/11/19 10:06,61.15,60.89550255537033
2020/11/19 10:07,61.25,60.90969471335411
2020/11/19 10:08,61.25,60.92198767960071
2020/11/19 10:09,61.25,60.93184742629528
2020/11/19 10:10,61.3,60.939077749848366
2020/11/19 10:11,61.4,60.943987265229225
2020/11/19 10:12,61.45,60.94706249833107
2020/11/19 10:13,61.45,60.950179332494734
2020/11/19 10:14,61.45,60.95739549398422
2020/11/19 10:15,61.35,60.974624529480934
2020/11/19 10:16,61.3,61.00550284385681
2020/11/19 10:17,61.3,61.049473986029625
2020/11/19 10:18,61.25,61.10422865450382
2020/11/19 10:19,61.15,61.16588378846645
2020/11/19 10:20,61.15,61.22970306277275
2020/11/19 10:21,61.15,61.291265258193015
2020/11/19 10:22,61.15,61.346926003694534
2020/11/19 10:23,61.15,61.394044959545134
2020/11/19 10:24,61.15,61.43168123364448
2020/11/19 10:25,61.15,61.46041074991226
2020/11/19 10:26,61.1,61.481129553914066
2020/11/19 10:27,61.15,61.494381999969484
2020/11/19 10:28,61.15,61.50090038478374
2020/11/19 10:29,61.2,61.50154829919338
2020/11/19 10:30,61.2,61.4972462773323
2020/11/19 10:31,61.2,61.48910427093506
2020/11/19 10:32,61.15,61.47832162976265
2020/11/19 10:33,61.175,61.465870815515515
2020/11/19 10:34,61.2,61.45236492753029
2020/11/19 10:35,61.275,61.437956207990645
2020/11/19 10:36,61.275,61.4227396607399
2020/11/19 10:37,61.3,61.40669079720974
2020/11/19 10:38,61.3,61.389958614110945
2020/11/19 10:39,61.25,61.37270479500294
2020/11/19 10:40,61.275,61.35583630204201
2020/11/19 10:41,61.275,61.34040584862232
2020/11/19 10:42,61.275,61.32729531824589
2020/11/19 10:43,61.275,61.316791492700574
2020/11/19 10:44,61.3,61.309000292420386
2020/11/19 10:45,61.35,61.30412647724152
2020/11/19 10:46,61.35,61.30270909070968
2020/11/19 10:47,61.4,61.304836350679395
2020/11/19 10:48,61.45,61.31048966944218
2020/11/19 10:49,61.3,61.31931942105293
2020/11/19 10:50,61.25,61.33039651513099
2020/11/19 10:51,61.25,61.342811334133145
2020/11/19 10:52,61.225,61.35570500791073
2020/11/19 10:53,61.225,61.36817677021026
2020/11/19 10:54,61.15,61.37934591770172
2020/11/19 10:55,61.0,61.388652458786964
2020/11/19 10:56,60.95,61.39656580686569
2020/11/19 10:57,60.95,61.40354416370392
2020/11/19 10:58,60.9,61.410492426157
2020/11/19 10:59,60.8,61.41866924762726
2020/11/19 11:00,60.8,61.42789288163185
2020/11/19 11:01,60.75,61.437187030911446
2020/11/19 11:02,60.5,61.44561434388161
2020/11/19 11:03,60.75,61.45254490375519
2020/11/19 11:04,60.75,61.45749277472496
2020/11/19 11:05,60.85,61.4601269185543
2020/11/19 11:06,60.85,61.46006525456905
2020/11/19 11:07,60.85,61.45704725980759
2020/11/19 11:08,60.85,61.45101215541363
2020/11/19 11:09,60.85,61.44155750274658
2020/11/19 11:10,60.8,61.42827496230602
2020/11/19 11:11,60.9,61.411115851998325
2020/11/19 11:12,60.9,61.39035456180572
2020/11/19 11:13,60.9,61.36570106446743
2020/11/19 11:14,60.9,61.33756487965584
2020/11/19 11:15,60.9,61.306425157189366
2020/11/19 11:16,60.9,61.273724952340125
2020/11/19 11:17,60.9,61.24106398820877
2020/11/19 11:18,60.9,61.209840178489685
2020/11/19 11:19,61.0,61.181192389130594
2020/11/19 11:20,61.0,61.15603171288967
2020/11/19 11:21,61.1,61.134646406769754
2020/11/19 11:22,61.1,61.11774221360683
2020/11/19 11:23,61.1,61.10466974377632
2020/11/19 11:24,61.05,61.09478580355644
2020/11/19 11:25,61.0,61.08742123544216
2020/11/19 11:26,61.0,61.082162684202196
2020/11/19 11:27,61.025,61.07876762449741
2020/11/19 11:28,61.025,61.07706522643566
2020/11/19 11:29,61.05,61.07692006528377
2020/11/19 11:30,61.0,61.07894406020641
2020/11/19 11:31,61.0,61.08343018889427
2020/11/19 11:32,61.05,61.0915267586708
2020/11/19 11:33,61.0,61.10381765961647
2020/11/19 11:34,61.0,61.120226475596425
2020/11/19 11:35,61.0,61.13971790075302
2020/11/19 11:36,61.0,61.160562098026276
2020/11/19 11:37,61.0,61.18096461594104
2020/11/19 11:38,61.0,61.19946440160275
2020/11/19 11:39,61.0,61.21489485502243
2020/11/19 11:40,61.0,61.22698306143284
2020/11/19 11:41,61.05,61.23549446165561
2020/11/19 11:42,61.0,61.240557399392124
2020/11/19 11:43,61.0,61.24271652400493
2020/11/19 11:44,61.0,61.242284876108165
2020/11/19 11:45,61.0,61.2396761059761
2020/11/19 11:46,61.1,61.23541332483291
2020/11/19 11:47,61.15,61.23007393181324
2020/11/19 11:48,61.15,61.22419903576374
2020/11/19 11:49,61.15,61.21825745999813
2020/11/19 11:50,61.1,61.212527725100514
2020/11/19 11:51,61.15,61.207230523228645
2020/11/19 11:52,61.15,61.20289516150951
2020/11/19 11:53,61.1,61.19956884682178
2020/11/19 11:54,61.15,61.19714005291462
2020/11/19 11:55,61.15,61.19545240700245
2020/11/19 11:56,61.2,61.194353666901584
2020/11/19 11:57,61.2,61.19467024803161
2020/11/19 11:58,61.3,61.19745663404465
2020/11/19 11:59,61.3,61.20343272984028
2020/11/19 12:00,61.3,61.2127327799797
2020/11/19 12:01,61.3,61.2245991140604
2020/11/19 12:02,61.3,61.23834457695484
2020/11/19 12:03,61.3,61.25311147868633
2020/11/19 12:04,61.3,61.267653262615205
2020/11/19 12:05,61.3,61.28102136552334
2020/11/19 12:06,61.3,61.292284631729125
2020/11/19 12:07,61.3,61.30147138535976
2020/11/19 12:08,61.3,61.308865752816196
2020/11/19 12:09,61.3,61.31584735512733
2020/11/19 12:10,61.3,61.32370612025261
2020/11/19 12:11,61.3,61.33316313326359
2020/11/19 12:12,61.3,61.344410467147824
2020/11/19 12:13,61.3,61.35717963278294
2020/11/19 12:14,61.3,61.370710304379465
2020/11/19 12:15,61.3,61.384089323878285
2020/11/19 12:16,61.3,61.396330657601354
2020/11/19 12:17,61.3,61.40665244162083
2020/11/19 12:18,61.3,61.41418459415436
2020/11/19 12:19,61.3,61.41868872046471
2020/11/19 12:20,61.3,61.42040941119194
2020/11/19 12:21,61.3,61.41988305449485
2020/11/19 12:22,61.3,61.417769661545755
2020/11/19 12:23,61.3,61.41472334265709
2020/11/19 12:24,61.3,61.41131353080272
2020/11/19 12:25,61.3,61.407983970642086
2020/11/19 12:26,61.3,61.405044162273406
2020/11/19 12:27,61.3,61.40267762243747
2020/11/19 12:28,61.3,61.40096725821495
2020/11/19 12:29,61.3,61.39991454482078
2020/11/19 12:30,61.3,61.3994728654623
2020/11/19 12:31,61.3,61.399558427929875
2020/11/19 12:32,61.3,61.40007150769234
2020/11/19 12:33,61.3,61.4009088397026
2020/11/19 12:34,61.3,61.40197010934353
2020/11/19 12:35,61.3,61.403165918588634
2020/11/19 12:36,61.3,61.40442162156105
2020/11/19 12:37,61.3,61.40567437410355
2020/11/19 12:38,61.3,61.4068790346384
2020/11/19 12:39,61.3,61.408002853393555
2020/11/19 12:40,61.3,61.409024292230605
2020/11/19 12:41,61.3,61.40993243455887
2020/11/19 12:42,61.3,61.41072432994842
2020/11/19 12:43,61.3,61.411402043700214
2020/11/19 12:44,61.3,61.41197236180305
2020/11/19 12:45,61.3,61.412442955374715
2020/11/19 12:46,61.3,61.412827101349826
2020/11/19 12:47,61.3,61.41313453614712
2020/11/19 12:48,61.3,61.413377061486244
2020/11/19 12:49,61.3,61.41356470882892
2020/11/19 12:50,61.3,61.4137069195509
2020/11/19 12:51,61.3,61.413813430070874
2020/11/19 12:52,61.3,61.4138901412487
2020/11/19 12:53,61.3,61.41394501924515
2020/11/19 12:54,61.3,61.41398219466209
2020/11/19 12:55,61.3,61.414006093144415
2020/11/19 12:56,61.3,61.414020845294
2020/11/19 12:57,61.3,61.41402851641178
2020/11/19 12:58,61.3,61.41403205692768
2020/11/19 12:59,61.3,61.41403205692768
2020/11/19 13:00,61.3,61.41403028666973
2020/11/19 13:01,61.3,61.414027926325794
2020/11/19 13:02,61.4,61.414024385809896
2020/11/19 13:03,61.4,61.41402114033699
2020/11/19 13:04,61.35,61.414018189907075
2020/11/19 13:05,61.3,61.41401523947716
2020/11/19 13:06,61.3,61.414012879133224
2020/11/19 13:07,61.325,61.414011403918266
2020/11/19 13:08,61.325,61.41400992870331
2020/11/19 13:09,61.3,61.41400845348835
2020/11/19 13:10,61.3,61.414007568359374
2020/11/19 13:11,61.3,61.41404798924923
2020/11/19 13:12,61.3,61.41410375237465
2020/11/19 13:13,61.35,61.415274482965465
2020/11/19 13:14,61.35,61.418435278534886
2020/11/19 13:15,61.35,61.4236569494009
2020/11/19 13:16,61.3,61.43037242293358
2020/11/19 13:17,61.3,61.437655854225156
2020/11/19 13:18,61.3,61.444808876514436
2020/11/19 13:19,61.35,61.451317524909975
2020/11/19 13:20,61.325,61.45689295232296
2020/11/19 13:21,61.35,61.46115160286426
2020/11/19 13:22,61.35,61.46393061280251
2020/11/19 13:23,61.3,61.46512553691864
2020/11/19 13:24,61.3,61.464902779459955
2020/11/19 13:25,61.3,61.46362052261829
2020/11/19 13:26,61.35,61.4617360830307
2020/11/19 13:27,61.325,61.45939255654812
2020/11/19 13:28,61.3,61.45667255520821
2020/11/19 13:29,61.325,61.45367255806923
2020/11/19 13:30,61.3,61.450804150104524
2020/11/19 13:31,61.35,61.448286548256874
2020/11/19 13:32,61.325,61.44637348949909
2020/11/19 13:33,61.35,61.445185941457744
2020/11/19 13:34,61.4,61.44451442360878
2020/11/19 13:35,61.4,61.444093397259714
2020/11/19 13:36,61.45,61.44366558492184
2020/11/19 13:37,61.5,61.443377622962
2020/11/19 13:38,61.4,61.44325163960457
2020/11/19 13:39,61.4,61.44312654137611
2020/11/19 13:40,61.4,61.44296220242977
2020/11/19 13:41,61.35,61.442672765254976
2020/11/19 13:42,61.35,61.44243230521679
2020/11/19 13:43,61.4,61.442260885238646
2020/11/19 13:44,61.4,61.44230986237526
2020/11/19 13:45,61.4,61.44343368113041
2020/11/19 13:46,61.4,61.44588548839092
2020/11/19 13:47,61.25,61.45027425289154
2020/11/19 13:48,61.25,61.45727650821209
2020/11/19 13:49,61.25,61.46663468182087
2020/11/19 13:50,61.275,61.477329400181766
2020/11/19 13:51,61.25,61.48823094367981
2020/11/19 13:52,61.25,61.49816769659519
2020/11/19 13:53,61.275,61.50624479353428
2020/11/19 13:54,61.275,61.512283438444136
2020/11/19 13:55,61.2,61.51635503172874
2020/11/19 13:56,61.2,61.518723046779634
2020/11/19 13:57,61.2,61.519685772061344
2020/11/19 13:58,61.2,61.51965479254722
2020/11/19 13:59,61.225,61.518074837327
2020/11/19 14:00,61.2,61.51475737392902
2020/11/19 14:01,61.2,61.50989683568478
2020/11/19 14:02,61.3,61.503784430027004
2020/11/19 14:03,61.3,61.49679250121117
2020/11/19 14:04,61.3,61.489291328191754
2020/11/19 14:05,61.3,61.48149304687977
2020/11/19 14:06,61.4,61.473136249184606
2020/11/19 14:07,61.4,61.4636202275753
2020/11/19 14:08,61.45,61.45283935666084
2020/11/19 14:09,61.45,61.44108071327209
2020/11/19 14:10,61.45,61.428949725627895
2020/11/19 14:11,61.45,61.41693587005138
2020/11/19 14:12,61.45,61.405465778708454
2020/11/19 14:13,61.45,61.3958317399025
2020/11/19 14:14,61.425,61.3887533634901
2020/11/19 14:15,61.425,61.38457437455654
2020/11/19 14:16,61.425,61.38341721594333
2020/11/19 14:17,61.425,61.38590560853481
2020/11/19 14:18,61.45,61.392213922739025
2020/11/19 14:19,61.45,61.40246224105358
2020/11/19 14:20,61.45,61.41634017825127
2020/11/19 14:21,61.4,61.43299771547317
2020/11/19 14:22,61.45,61.451113945245744
2020/11/19 14:23,61.425,61.46943021416664
2020/11/19 14:24,61.4,61.48682948946953
2020/11/19 14:25,61.4,61.50220122933388
2020/11/19 14:26,61.4,61.51444905400276
2020/11/19 14:27,61.45,61.52309056818485
2020/11/19 14:28,61.45,61.528138163685796
2020/11/19 14:29,61.45,61.53015153706074
2020/11/19 14:30,61.45,61.52992759943008
2020/11/19 14:31,61.425,61.52824968993664
2020/11/19 14:32,61.4,61.52561938166618
2020/11/19 14:33,61.45,61.52266098558903
2020/11/19 14:34,61.4,61.51973946988583
2020/11/19 14:35,61.4,61.51700176596641
2020/11/19 14:36,61.5,61.514509537816046
2020/11/19 14:37,61.5,61.51230084598064
2020/11/19 14:38,61.5,61.51068135499954
2020/11/19 14:39,61.5,61.50987028181553
2020/11/19 14:40,61.5,61.509945812821385
2020/11/19 14:41,61.5,61.51086428165436
2020/11/19 14:42,61.5,61.512340381741524
2020/11/19 14:43,61.5,61.513952791690826
2020/11/19 14:44,61.45,61.51563335657119
2020/11/19 14:45,61.5,61.51713925600052
2020/11/19 14:46,61.5,61.51824507713318
2020/11/19 14:47,61.475,61.51966777443886
2020/11/19 14:48,61.5,61.521860828995706
2020/11/19 14:49,61.5,61.52512902021408
2020/11/19 14:50,61.45,61.52956646680832
2020/11/19 14:51,61.5,61.53508170545101
2020/11/19 14:52,61.475,61.54140595197678
2020/11/19 14:53,61.45,61.548118180036546
2020/11/19 14:54,61.475,61.554887941479684
2020/11/19 14:55,61.5,61.56091566979885
2020/11/19 14:56,61.5,61.565583544969556
2020/11/19 14:57,61.5,61.56868651211261
2020/11/19 14:58,61.5,61.57019919753075
2020/11/19 14:59,61.475,61.57042165994644
2020/11/19 15:00,61.5,61.569734799861905
2020/11/19 15:01,61.475,61.568333935737606
2020/11/19 15:02,61.5,61.566606459021564
2020/11/19 15:03,61.5,61.56476657092571
2020/11/19 15:04,61.4,61.5628579378128
2020/11/19 15:05,61.4,61.56095520555973
2020/11/19 15:06,61.4,61.55928496718406
2020/11/19 15:07,61.3,61.5580277889967
2020/11/19 15:08,61.35,61.55729637742042
2020/11/19 15:09,61.4,61.55711109042168
2020/11/19 15:10,61.375,61.557342699170114
2020/11/19 15:11,61.375,61.55786374509334
2020/11/19 15:12,61.375,61.558438488841055
2020/11/19 15:13,61.375,61.55902945995331
2020/11/19 15:14,61.35,61.55954519510269
2020/11/19 15:15,61.4,61.560245332121845
2020/11/19 15:16,61.35,61.56077522933483
2020/11/19 15:17,61.375,61.56083866357803
2020/11/19 15:18,61.4,61.56022674441338
2020/11/19 15:19,61.375,61.55919438898563
2020/11/19 15:20,61.4,61.55776874125004
2020/11/19 15:21,61.4,61.55580641031265
2020/11/19 15:22,61.4,61.55319291949272
2020/11/19 15:23,61.4,61.54975153803825
2020/11/19 15:24,61.35,61.54516391456127
2020/11/19 15:25,61.375,61.539295214414594
2020/11/19 15:26,61.375,61.53252722322941
2020/11/19 15:27,61.35,61.52510482668877
2020/11/19 15:28,61.4,61.517261993885036
2020/11/19 15:29,61.35,61.50948525071144
2020/11/19 15:30,61.4,61.50206934511662
2020/11/19 15:31,61.4,61.49542055130005
2020/11/19 15:32,61.35,61.49001241326332
2020/11/19 15:33,61.4,61.48595498204231
2020/11/19 15:34,61.4,61.48334650695324
2020/11/19 15:35,61.4,61.481762716174124
2020/11/19 15:36,61.4,61.48088348805904
2020/11/19 15:37,61.35,61.480413189530374
2020/11/19 15:38,61.4,61.480077135562894
2020/11/19 15:39,61.375,61.47993374466896
2020/11/19 15:40,61.375,61.479860574007034
2020/11/19 15:41,61.4,61.48004291057587
2020/11/19 15:42,61.35,61.48057310283184
2020/11/19 15:43,61.5,61.481260848045345
2020/11/19 15:44,61.5,61.4821586638689
2020/11/19 15:45,61.5,61.48327953219414
2020/11/19 15:46,61.5,61.48462905883789
2020/11/19 15:47,61.5,61.48618423044682
2020/11/19 15:48,61.45,61.48763997256756
2020/11/19 15:49,61.5,61.48897504210472
2020/11/19 15:50,61.45,61.49004781842232
2020/11/19 15:51,61.45,61.49076595306396
2020/11/19 15:52,61.4,61.49121441841125
2020/11/19 15:53,61.25,61.49127696752548
2020/11/19 15:54,61.2,61.49238603413105
2020/11/19 15:55,61.25,61.49532407224178
2020/11/19 15:56,61.25,61.50054102241993
2020/11/19 15:57,61.25,61.5080787807703
2020/11/19 15:58,61.3,61.517538744211194
2020/11/19 15:59,61.3,61.528071188926695
2020/11/19 16:00,61.3,61.538906052708626
2020/11/19 16:01,61.3,61.54911985099316
2020/11/19 16:02,61.3,61.557980582118034
2020/11/19 16:03,61.3,61.56455295979976
2020/11/19 16:04,61.3,61.56859445869922
2020/11/19 16:05,61.3,61.56964982748031
2020/11/19 16:06,61.3,61.567883405089376
2020/11/19 16:07,61.3,61.563666650652884
2020/11/19 16:08,61.3,61.55747812390327
2020/11/19 16:09,61.3,61.55023009777069
2020/11/23 09:30,61.5,61.54205740690231
2020/11/23 09:31,61.25,61.532853540778156
2020/11/23 09:32,61.25,61.52241816520691
2020/11/23 09:33,61.25,61.51062116622925
2020/11/23 09:34,61.35,61.4977685034275
2020/11/23 09:35,60.95,61.4842440277338
2020/11/23 09:36,60.8,61.47056760489941
2020/11/23 09:37,60.6,61.45724523365497
2020/11/23 09:38,60.7,61.44452711045742
2020/11/23 09:39,60.65,61.43272332549095
2020/11/23 09:40,60.45,61.42428657114505
2020/11/23 09:41,60.45,61.42030732631683
2020/11/23 09:42,60.45,61.420205536484715
2020/11/23 09:43,60.6,61.423055946826935
2020/11/23 09:44,60.5,61.427840954065324
2020/11/23 09:45,60.35,61.43407403230667
2020/11/23 09:46,60.4,61.44021417200565
2020/11/23 09:47,60.35,61.44463303089142
2020/11/23 09:48,60.35,61.4459037810564
2020/11/23 09:49,60.3,61.44335254430771
2020/11/23 09:50,60.2,61.436542657017704
2020/11/23 09:51,60.15,61.42402162253857
2020/11/23 09:52,60.15,61.404787769913675
2020/11/23 09:53,60.15,61.37826989591122
2020/11/23 09:54,60.3,61.34520619809627
2020/11/23 09:55,60.25,61.30471685826778
2020/11/23 09:56,60.25,61.25630472898483
2020/11/23 09:57,60.2,61.20056019127369
2020/11/23 09:58,60.2,61.13927327096462
2020/11/23 09:59,60.2,61.07474087774754
2020/11/23 10:00,60.2,61.009236907958986
2020/11/23 10:01,60.2,60.94482194185257
2020/11/23 10:02,60.25,60.88331875503063
2020/11/23 10:03,60.05,60.82623885273933
2020/11/23 10:04,60.15,60.77439920902252
2020/11/23 10:05,60.2,60.72890859544277
2020/11/23 10:06,60.2,60.69027330577373
2020/11/23 10:07,60.15,60.65854261219501
2020/11/23 10:08,60.15,60.63297831714153
2020/11/23 10:09,60.15,60.612572258710856
2020/11/23 10:10,60.05,60.596333387494084
2020/11/23 10:11,60.0,60.58352704644203
2020/11/23 10:12,60.0,60.573552232980724
2020/11/23 10:13,59.9,60.566202121973035
2020/11/23 10:14,59.95,60.56078070700168
2020/11/23 10:15,59.85,60.55667724907398
2020/11/23 10:16,59.8,60.55378287732601
2020/11/23 10:17,59.8,60.55203976333141
2020/11/23 10:18,59.8,60.55126173496246
2020/11/23 10:19,59.8,60.55101271867752
2020/11/23 10:20,59.75,60.55095371007919
2020/11/23 10:21,59.7,60.55058431625366
2020/11/23 10:22,59.8,60.54919849932193
2020/11/23 10:23,59.75,60.54618227481842
2020/11/23 10:24,59.75,60.54110104441642
2020/11/23 10:25,59.8,60.533942121267316
2020/11/23 10:26,59.75,60.524553558230394
2020/11/23 10:27,59.75,60.512680143117905
2020/11/23 10:28,59.75,60.49826257228851
2020/11/23 10:29,59.65,60.48138168752193
2020/11/23 10:30,59.55,60.46212393641471
2020/11/23 10:31,59.4,60.440604680776595
2020/11/23 10:32,59.35,60.41697350740432
2020/11/23 10:33,59.35,60.39195327162742
2020/11/23 10:34,59.5,60.3662281781435
2020/11/23 10:35,59.55,60.34030658602714
2020/11/23 10:36,59.45,60.31508749127388
2020/11/23 10:37,59.45,60.29122205376625
2020/11/23 10:38,59.45,60.26924887448549
2020/11/23 10:39,59.4,60.249584996700285
2020/11/23 10:40,59.4,60.23229355961084
2020/11/23 10:41,59.4,60.21674759685993
2020/11/23 10:42,59.35,60.20210372805595
2020/11/23 10:43,59.3,60.18742548674345
2020/11/23 10:44,59.35,60.172099626064295
2020/11/23 10:45,59.4,60.15665161758661
2020/11/23 10:46,59.4,60.14170975536108
2020/11/23 10:47,59.35,60.12718877196312
2020/11/23 10:48,59.5,60.11272399425506
2020/11/23 10:49,59.5,60.09767134338617
2020/11/23 10:50,59.4,60.08127875477075
2020/11/23 10:51,59.3,60.06322271376848
2020/11/23 10:52,59.3,60.04375223666429
2020/11/23 10:53,59.2,60.0232198998332
2020/11/23 10:54,59.2,60.00197223126888
2020/11/23 10:55,59.1,59.98073916733264
2020/11/23 10:56,59.25,59.960448175668716
2020/11/23 10:57,59.25,59.9419031009078
2020/11/23 10:58,59.25,59.9254075422883
2020/11/23 10:59,59.25,59.91219492703676
2020/11/23 11:00,59.05,59.90325040370226
2020/11/23 11:01,59.15,59.898497556149955
2020/11/23 11:02,59.1,59.89672154486179
2020/11/23 11:03,59.1,59.89655941873789
2020/11/23 11:04,59.05,59.896504835784434
2020/11/23 11:05,59.0,59.895402850210665
2020/11/23 11:06,59.05,59.8922787874937
2020/11/23 11:07,59.1,59.8872578933835
2020/11/23 11:08,59.1,59.88084144592285
2020/11/23 11:09,59.15,59.873409608006476
2020/11/23 11:10,59.15,59.86501917541027
2020/11/23 11:11,59.1,59.85482809543609
2020/11/23 11:12,59.15,59.842605496942994
2020/11/23 11:13,59.2,59.82829251885414
2020/11/23 11:14,59.2,59.812201021611685
2020/11/23 11:15,59.2,59.7947666361928
2020/11/23 11:16,59.0,59.776265227794646
2020/11/23 11:17,59.0,59.757284964621064
2020/11/23 11:18,59.1,59.7387311860919
2020/11/23 11:19,59.1,59.72125092148781
2020/11/23 11:20,59.1,59.70548824965954
2020/11/23 11:21,59.05,59.6920530244708
2020/11/23 11:22,59.05,59.681046003103255
2020/11/23 11:23,59.1,59.67267946898937
2020/11/23 11:24,59.0,59.66747284531593
2020/11/23 11:25,58.95,59.665678393840786
2020/11/23 11:26,58.95,59.667086634039876
2020/11/23 11:27,58.95,59.67029286623001
2020/11/23 11:28,58.95,59.67371816784143
2020/11/23 11:29,58.95,59.67673439234495
2020/11/23 11:30,59.0,59.679091933369634
2020/11/23 11:31,59.0,59.68075907379389
2020/11/23 11:32,59.05,59.68158386647701
2020/11/23 11:33,59.05,59.68142970651388
2020/11/23 11:34,59.05,59.680455327034
2020/11/23 11:35,59.05,59.678418202698225
2020/11/23 11:36,59.0,59.674552254378796
2020/11/23 11:37,59.0,59.66846507489681
2020/11/23 11:38,59.05,59.66018484085798
2020/11/23 11:39,59.0,59.650065161287785
2020/11/23 11:40,58.9,59.63862103372812
2020/11/23 11:41,58.9,59.62670468986034
2020/11/23 11:42,58.9,59.61505196690559
2020/11/23 11:43,58.9,59.604587972164154
2020/11/23 11:44,58.95,59.595956932008264
2020/11/23 11:45,58.85,59.58959359228611
2020/11/23 11:46,58.85,59.58567261844873
2020/11/23 11:47,58.95,59.583807651698585
2020/11/23 11:48,58.9,59.58336552977562
2020/11/23 11:49,58.95,59.584005920588964
2020/11/23 11:50,58.95,59.585146114230156
2020/11/23 11:51,58.95,59.58606871366501
2020/11/23 11:52,58.9,59.586045110225676
2020/11/23 11:53,58.95,59.5847034022212
2020/11/23 11:54,58.9,59.58195256888866
2020/11/23 11:55,58.95,59.57811155170202
2020/11/23 11:56,58.9,59.573168843984604
2020/11/23 11:57,58.7,59.566993151605125
2020/11/23 11:58,58.7,59.56013945043087
2020/11/23 11:59,58.8,59.55286310017109
2020/11/23 12:00,58.8,59.545584389567374
2020/11/23 12:01,58.8,59.53879943341016
2020/11/23 12:02,58.8,59.532949320971966
2020/11/23 12:03,58.8,59.52805249243974
2020/11/23 12:04,58.8,59.524268861114976
2020/11/23 12:05,58.8,59.52143585830927
2020/11/23 12:06,58.8,59.51950052380562
2020/11/23 12:07,58.8,59.51807797402143
2020/11/23 12:08,58.8,59.51622923463583
2020/11/23 12:09,58.8,59.51305339187383
2020/11/23 12:10,58.8,59.50852610468864
2020/11/23 12:11,58.8,59.50288134217262
2020/11/23 12:12,58.8,59.49641842544079
2020/11/23 12:13,58.8,59.48945673853159
2020/11/23 12:14,58.8,59.482220514118666
2020/11/23 12:15,58.8,59.474881319701666
2020/11/23 12:16,58.8,59.467445498704905
2020/11/23 12:17,58.8,59.459862156212324
2020/11/23 12:18,58.8,59.45212494879961
2020/11/23 12:19,58.8,59.44410081207752
2020/11/23 12:20,58.8,59.43586719483137
2020/11/23 12:21,58.8,59.427685210108756
2020/11/23 12:22,58.8,59.41990876197815
2020/11/23 12:23,58.8,59.41289101690054
2020/11/23 12:24,58.8,59.406920526921745
2020/11/23 12:25,58.8,59.40218243151903
2020/11/23 12:26,58.8,59.398753294348715
2020/11/23 12:27,58.8,59.396607741713524
2020/11/23 12:28,58.8,59.39563129693269
2020/11/23 12:29,58.8,59.39564663916826
2020/11/23 12:30,58.8,59.3964462056756
2020/11/23 12:31,58.8,59.39781727045774
2020/11/23 12:32,58.8,59.39956053197383
2020/11/23 12:33,58.8,59.401500882208346
2020/11/23 12:34,58.8,59.403494487702844
2020/11/23 12:35,58.8,59.40542996972799
2020/11/23 12:36,58.8,59.40722737163305
2020/11/23 12:37,58.8,59.4088344708085
2020/11/23 12:38,58.8,59.410222795605655
2020/11/23 12:39,58.8,59.41138319969177
2020/11/23 12:40,58.8,59.4123208463192
2020/11/23 12:41,58.8,59.41305048763752
2020/11/23 12:42,58.8,59.4135942518711
2020/11/23 12:43,58.8,59.41397736519575
2020/11/23 12:44,58.8,59.414225201308724
2020/11/23 12:45,58.8,59.4143637239933
2020/11/23 12:46,58.8,59.414416684210295
2020/11/23 12:47,58.8,59.41440532505512
2020/11/23 12:48,58.8,59.41434749662876
2020/11/23 12:49,58.8,59.41425854116678
2020/11/23 12:50,58.8,59.41415085047483
2020/11/23 12:51,58.8,59.414033865928644
2020/11/23 12:52,58.8,59.41391525864601
2020/11/23 12:53,58.8,59.41379989683628
2020/11/23 12:54,58.8,59.413691468536854
2020/11/23 12:55,58.8,59.413592039048666
2020/11/23 12:56,58.8,59.41350308358669
2020/11/23 12:57,58.8,59.41342474967241
2020/11/23 12:58,58.8,59.413356742262835
2020/11/23 12:59,58.8,59.41329861879348
2020/11/23 13:00,58.65,59.41324949413538
2020/11/23 13:01,58.55,59.413208630681034
2020/11/23 13:02,58.6,59.413174700736995
2020/11/23 13:03,58.6,59.41314681917429
2020/11/23 13:04,58.6,59.41312424838543
2020/11/23 13:05,58.6,59.41310595571994
2020/11/23 13:06,58.5,59.41309120357036
2020/11/23 13:07,58.5,59.41307954937219
2020/11/23 13:08,58.5,59.413069960474964
2020/11/23 13:09,58.5,59.413062436878675
2020/11/23 13:10,58.5,59.41305638849735
2020/11/23 13:11,58.55,59.41266545653343
2020/11/23 13:12,58.55,59.41118316054344
2020/11/23 13:13,58.3,59.40813433378935
2020/11/23 13:14,58.45,59.40330403745174
2020/11/23 13:15,58.55,59.39674478918314
2020/11/23 13:16,58.5,59.38853816837072
2020/11/23 13:17,58.5,59.378402556478974
2020/11/23 13:18,58.5,59.36610413193702
2020/11/23 13:19,58.5,59.35157414972782
2020/11/23 13:20,58.5,59.334823969006536
2020/11/23 13:21,58.6,59.31619569212198
2020/11/23 13:22,58.6,59.29661472141743
2020/11/23 13:23,58.6,59.2771842226386
2020/11/23 13:24,58.6,59.257853153347966
2020/11/23 13:25,58.6,59.23895815759897
2020/11/23 13:26,58.6,59.22152141183614
2020/11/23 13:27,58.6,59.20622107237577
2020/11/23 13:28,58.6,59.19342225492
2020/11/23 13:29,58.55,59.183306115865705
2020/11/23 13:30,58.6,59.17587442547082
2020/11/23 13:31,58.6,59.17096195966005
2020/11/23 13:32,58.6,59.16887290775776
2020/11/23 13:33,58.6,59.16982899457216
2020/11/23 13:34,58.6,59.17353665232658
2020/11/23 13:35,58.575,59.179454034566874
2020/11/23 13:36,58.6,59.187009495496746
2020/11/23 13:37,58.6,59.19563212692737
2020/11/23 13:38,58.6,59.20477049350738
2020/11/23 13:39,58.6,59.21389307528734
2020/11/23 13:40,58.55,59.2222391039133
2020/11/23 13:41,58.55,59.22936070412397
2020/11/23 13:42,58.55,59.235093684494494
2020/11/23 13:43,58.5,59.239503397047514
2020/11/23 13:44,58.55,59.24278294742107
2020/11/23 13:45,58.55,59.245180466771124
2020/11/23 13:46,58.55,59.24681559503078
2020/11/23 13:47,58.55,59.24790430366993
2020/11/23 13:48,58.8,59.24866831749677
2020/11/23 13:49,58.8,59.24928953051567
2020/11/23 13:50,58.85,59.249816772341724
2020/11/23 13:51,58.9,59.25006873905659
2020/11/23 13:52,58.85,59.24986560195684
2020/11/23 13:53,58.9,59.249117225408554
2020/11/23 13:54,58.85,59.24766325354576
2020/11/23 13:55,58.85,59.2455975100398
2020/11/23 13:56,58.95,59.24300954043865
2020/11/23 13:57,59.0,59.24006884694099
2020/11/23 13:58,59.0,59.236945669353005
2020/11/23 13:59,58.9,59.235684213042255
2020/11/23 14:00,58.95,59.23833384662866
2020/11/23 14:01,58.95,59.24653913974762
2020/11/23 14:02,58.95,59.261348970234394
2020/11/23 14:03,58.9,59.28241179436445
2020/11/23 14:04,58.85,59.308641706407066
2020/11/23 14:05,59.0,59.33806472122669
2020/11/23 14:06,59.1,59.36838009357452
2020/11/23 14:07,59.1,59.39790740609169
2020/11/23 14:08,59.1,59.425365434587
2020/11/23 14:09,59.1,59.45014816075563
2020/11/23 14:10,59.1,59.47144421637058
2020/11/23 14:11,59.1,59.489000307023524
2020/11/23 14:12,59.1,59.502996113896366
2020/11/23 14:13,59.2,59.51382448673248
2020/11/23 14:14,59.2,59.521658615767954
2020/11/23 14:15,59.25,59.52645409703254
2020/11/23 14:16,59.3,59.52912246584892
2020/11/23 14:17,59.3,59.531495791673656
2020/11/23 14:18,59.3,59.53521716892719
2020/11/23 14:19,59.3,59.54139345139265
2020/11/23 14:20,59.3,59.5504561394453
2020/11/23 14:21,59.3,59.562249450385565
2020/11/23 14:22,59.3,59.57618757635355
2020/11/23 14:23,59.3,59.5914109095931
2020/11/23 14:24,59.3,59.607623817026614
2020/11/23 14:25,59.3,59.624117015302176
2020/11/23 14:26,59.3,59.64067335277795
2020/11/23 14:27,59.2,59.65771252810955
2020/11/23 14:28,59.15,59.675474263727665
2020/11/23 14:29,59.15,59.69400517642498
2020/11/23 14:30,59.15,59.713067166507244
2020/11/23 14:31,59.15,59.73215143233537
2020/11/23 14:32,59.2,59.75054618269205
2020/11/23 14:33,59.25,59.767341357469554
2020/11/23 14:34,59.25,59.78183652460575
2020/11/23 14:35,59.25,59.79350149184465
2020/11/23 14:36,59.25,59.80203133225441
2020/11/23 14:37,59.3,59.80756043791771
2020/11/23 14:38,59.3,59.81040081679821
2020/11/23 14:39,59.3,59.810723741352554
2020/11/23 14:40,59.3,59.80875078886747
2020/11/23 14:41,59.3,59.80484102666378
2020/11/23 14:42,59.3,59.799412530660625
2020/11/23 14:43,59.25,59.7931680932641
2020/11/23 14:44,59.35,59.78694253861904
2020/11/23 14:45,59.275,59.781377732753754
2020/11/23 14:46,59.3,59.776844249665736
2020/11/23 14:47,59.3,59.773441371321674
2020/11/23 14:48,59.3,59.77171345204115
2020/11/23 14:49,59.3,59.77180653810501
2020/11/23 14:50,59.1,59.77366663664579
2020/11/23 14:51,59.1,59.7770218655467
2020/11/23 14:52,59.1,59.781359292566776
2020/11/23 14:53,59.0,59.78611287772655
2020/11/23 14:54,58.9,59.79058602452278
2020/11/23 14:55,58.85,59.794886571168895
2020/11/23 14:56,58.85,59.79885534197092
2020/11/23 14:57,58.95,59.80241887122392
2020/11/23 14:58,58.95,59.80557848662138
2020/11/23 14:59,59.05,59.80836000442505
2020/11/23 15:00,59.1,59.81081446707248
2020/11/23 15:01,59.05,59.81241374760866
2020/11/23 15:02,59.15,59.81249016374349
2020/11/23 15:03,59.2,59.81065676659345
2020/11/23 15:04,59.2,59.806416113674636
2020/11/23 15:05,59.2,59.79906246215105
2020/11/23 15:06,59.3,59.7880271166563
2020/11/23 15:07,59.35,59.77310487478971
2020/11/23 15:08,59.35,59.754972122609615
2020/11/23 15:09,59.3,59.73436056673526
2020/11/23 15:10,59.25,59.712387534976
2020/11/23 15:11,59.2,59.69067045301199
2020/11/23 15:12,59.2,59.6704095557332
2020/11/23 15:13,59.2,59.65316355526447
2020/11/23 15:14,59.25,59.64059900194406
2020/11/23 15:15,59.2,59.633802686631675
2020/11/23 15:16,59.35,59.63296151906252
2020/11/23 15:17,59.35,59.63811429738998
2020/11/23 15:18,59.45,59.64915554374456
2020/11/23 15:19,59.4,59.66540061086416
2020/11/23 15:20,59.4,59.6854126393795
2020/11/23 15:21,59.4,59.707219561934465
2020/11/23 15:22,59.4,59.728417220711705
2020/11/23 15:23,59.35,59.74709285199642
2020/11/23 15:24,59.4,59.76211172044277
2020/11/23 15:25,59.35,59.77332940250635
2020/11/23 15:26,59.5,59.78083160817623
2020/11/23 15:27,59.5,59.786018611490725
2020/11/23 15:28,59.65,59.790191404521465
2020/11/23 15:29,59.625,59.795198284089565
2020/11/23 15:30,59.5,59.802202162146564
2020/11/23 15:31,59.5,59.81162981837988
2020/11/23 15:32,59.45,59.82329729348421
2020/11/23 15:33,59.5,59.836559033393854
2020/11/23 15:34,59.65,59.85014591068029
2020/11/23 15:35,59.55,59.86308236569166
2020/11/23 15:36,59.55,59.87409528791904
2020/11/23 15:37,59.55,59.88347057402134
2020/11/23 15:38,59.55,59.891861154139036
2020/11/23 15:39,59.6,59.90142467767
2020/11/23 15:40,59.65,59.91366468369961
2020/11/23 15:41,59.7,59.92856420725584
2020/11/23 15:42,59.75,59.945160670578474
2020/11/23 15:43,59.75,59.961921620368955
2020/11/23 15:44,59.75,59.97757984697819
2020/11/23 15:45,59.75,59.9924306884408
2020/11/23 15:46,59.75,60.00593996942043
2020/11/23 15:47,59.85,60.017593872547145
2020/11/23 15:48,59.9,60.02712302356958
2020/11/23 15:49,59.95,60.034386834502214
2020/11/23 15:50,59.95,60.03984453976154
2020/11/23 15:51,59.95,60.04444263726472
2020/11/23 15:52,59.75,60.04940275251865
2020/11/23 15:53,59.7,60.05589310824871
2020/11/23 15:54,59.65,60.06469881385564
2020/11/23 15:55,59.6,60.076118452847
2020/11/23 15:56,59.55,60.08996791839599
2020/11/23 15:57,59.55,60.10553792715072
2020/11/23 15:58,59.6,60.12267830222845
2020/11/23 15:59,59.55,60.14138225764036
2020/11/23 16:00,59.55,60.16183035969734
2020/11/23 16:01,59.55,60.183948995172976
2020/11/23 16:02,59.55,60.207363459467885
2020/11/23 16:03,59.55,60.230617420375346
2020/11/23 16:04,59.55,60.25150321871042
2020/11/23 16:05,59.55,60.2681194499135
2020/11/23 16:06,59.55,60.27933388650417
2020/11/23 16:07,59.55,60.28465203642845
2020/11/23 16:08,59.6,60.28415488898754
2020/11/24 09:30,59.95,60.278506880998606
2020/11/24 09:31,59.95,60.26833232343196
2020/11/24 09:32,59.9,60.253987333178515
2020/11/24 09:33,59.8,60.235514101386066
2020/11/24 09:34,59.85,60.213310641050334
2020/11/24 09:35,60.0,60.188131524622435
2020/11/24 09:36,60.0,60.16100984513759
2020/11/24 09:37,60.0,60.133185520768166
2020/11/24 09:38,60.0,60.10596809983253
2020/11/24 09:39,59.95,60.08055309653282
2020/11/24 09:40,59.95,60.05933080166578
2020/11/24 09:41,60.1,60.04584586173296
2020/11/24 09:42,60.4,60.043384465575215
2020/11/24 09:43,60.45,60.05316101014614
2020/11/24 09:44,60.5,60.07378672808409
2020/11/24 09:45,60.65,60.10292148590088
2020/11/24 09:46,60.9,60.13861844241619
2020/11/24 09:47,60.7,60.1786730363965
2020/11/24 09:48,60.75,60.22065971940756
2020/11/24 09:49,60.7,60.26183311641216
2020/11/24 09:50,60.8,60.29899820685387
2020/11/24 09:51,60.8,60.330133503675455
2020/11/24 09:52,60.9,60.355657672882074
2020/11/24 09:53,60.85,60.37949360609054
2020/11/24 09:54,60.9,60.40583238899708
2020/11/24 09:55,60.9,60.43810242116451
2020/11/24 09:56,60.75,60.47908743321895
2020/11/24 09:57,60.75,60.531937894225116
2020/11/24 09:58,60.75,60.59598405659199
2020/11/24 09:59,60.8,60.668381115794176
2020/11/24 10:00,60.9,60.744193297624584
2020/11/24 10:01,60.9,60.818155854940414
2020/11/24 10:02,60.9,60.885367238521575
2020/11/24 10:03,60.85,60.94343641996384
2020/11/24 10:04,60.85,60.99091267287731
2020/11/24 10:05,60.85,61.02761838138103
2020/11/24 10:06,60.85,61.05429174304008
2020/11/24 10:07,60.8,61.0715948343277
2020/11/24 10:08,60.8,61.080552929639815
2020/11/24 10:09,60.9,61.08258400559425
2020/11/24 10:10,61.05,61.0795055270195
2020/11/24 10:11,61.1,61.07373861670494
2020/11/24 10:12,61.0,61.06751734018326
2020/11/24 10:13,60.9,61.06240276992321
2020/11/24 10:14,61.05,61.059128087759014
2020/11/24 10:15,61.1,61.057733714580536
2020/11/24 10:16,61.0,61.058086881041525
2020/11/24 10:17,61.05,61.05969073474407
2020/11/24 10:18,61.1,61.06172181069851
2020/11/24 10:19,61.05,61.06337375640869
2020/11/24 10:20,61.05,61.06478022634983
2020/11/24 10:21,61.1,61.06788230836391
2020/11/24 10:22,61.1,61.07465000450611
2020/11/24 10:23,61.1,61.08572591841221
2020/11/24 10:24,61.1,61.100136703252794
2020/11/24 10:25,61.1,61.11724919676781
2020/11/24 10:26,61.1,61.13679904043674
2020/11/24 10:27,61.15,61.15792500376701
2020/11/24 10:28,61.25,61.17912266254425
2020/11/24 10:29,61.2,61.19907376468181
2020/11/24 10:30,61.25,61.21652673780918
2020/11/24 10:31,61.25,61.23079678714275
2020/11/24 10:32,61.25,61.24226186275482
2020/11/24 10:33,61.25,61.25127011537552
2020/11/24 10:34,61.25,61.257803842425346
2020/11/24 10:35,61.15,61.26216398775578
2020/11/24 10:36,61.2,61.264752104878426
2020/11/24 10:37,61.1,61.265872383117674
2020/11/24 10:38,61.1,61.26666457355022
2020/11/24 10:39,61.1,61.268559929728504
2020/11/24 10:40,61.05,61.27233854532242
2020/11/24 10:41,61.15,61.2786090940237
2020/11/24 10:42,61.05,61.28754506111145
2020/11/24 10:43,61.05,61.29887176156044
2020/11/24 10:44,61.1,61.31197845637798
2020/11/24 10:45,61.1,61.32598709762096
2020/11/24 10:46,61.1,61.339430731534954
2020/11/24 10:47,61.1,61.3511932104826
2020/11/24 10:48,61.15,61.36025870144367
2020/11/24 10:49,61.1,61.36619880199432
2020/11/24 10:50,61.05,61.36912651360035
2020/11/24 10:51,61.05,61.36924010515213
2020/11/24 10:52,61.05,61.367229387164116
2020/11/24 10:53,61.1,61.36340622007847
2020/11/24 10:54,61.1,61.35793553292751
2020/11/24 10:55,61.1,61.35100379288196
2020/11/24 10:56,61.1,61.34291784465313
2020/11/24 10:57,61.2,61.3338859885931
2020/11/24 10:58,61.2,61.324346953630446
2020/11/24 10:59,61.1,61.31512567996979
2020/11/24 11:00,61.1,61.30667623877525
2020/11/24 11:01,61.2,61.29899715483189
2020/11/24 11:02,61.15,61.291944447159764
2020/11/24 11:03,61.2,61.285389772057535
2020/11/24 11:04,61.2,61.27955205142498
2020/11/24 11:05,61.15,61.27463929057121
2020/11/24 11:06,61.15,61.27081464827061
2020/11/24 11:07,61.15,61.2683274358511
2020/11/24 11:08,61.2,61.26804714500904
2020/11/24 11:09,61.2,61.2704974770546
2020/11/24 11:10,61.15,61.2750948369503
2020/11/24 11:11,61.2,61.28091780543327
2020/11/24 11:12,61.2,61.287781685590744
2020/11/24 11:13,61.2,61.29505361020565
2020/11/24 11:14,61.2,61.30250285565853
2020/11/24 11:15,61.2,61.310037368535994
2020/11/24 11:16,61.2,61.31718478500843
2020/11/24 11:17,61.2,61.32344500720501
2020/11/24 11:18,61.2,61.328481981158255
2020/11/24 11:19,61.2,61.33246919214725
2020/11/24 11:20,61.35,61.335587206482884
2020/11/24 11:21,61.35,61.3376613587141
2020/11/24 11:22,61.45,61.338868379592896
2020/11/24 11:23,61.45,61.33945256471634
2020/11/24 11:24,61.4,61.339684173464775
2020/11/24 11:25,61.4,61.33979304432869
2020/11/24 11:26,61.4,61.33995561301708
2020/11/24 11:27,61.4,61.34021436572075
2020/11/24 11:28,61.4,61.34050262272358
2020/11/24 11:29,61.4,61.34075694978237
2020/11/24 11:30,61.4,61.34097675681114
2020/11/24 11:31,61.4,61.34301609396935
2020/11/24 11:32,61.35,61.3478586345911
2020/11/24 11:33,61.35,61.3569196999073
2020/11/24 11:34,61.25,61.37092155516147
2020/11/24 11:35,61.25,61.38935643136501
2020/11/24 11:36,61.3,61.41095534861088
2020/11/24 11:37,61.35,61.43408760428429
2020/11/24 11:38,61.35,61.456987956166266
2020/11/24 11:39,61.35,61.477961087226866
2020/11/24 11:40,61.4,61.49530784487724
2020/11/24 11:41,61.4,61.508154606819154
2020/11/24 11:42,61.35,61.51632346212864
2020/11/24 11:43,61.4,61.52002566158772
2020/11/24 11:44,61.4,61.51980349421501
2020/11/24 11:45,61.4,61.516335263848305
2020/11/24 11:46,61.4,61.51046036779881
2020/11/24 11:47,61.4,61.503226208686826
2020/11/24 11:48,61.4,61.49575011432171
2020/11/24 11:49,61.4,61.48880391716957
2020/11/24 11:50,61.4,61.482810413837434
2020/11/24 11:51,61.4,61.47833225131035
2020/11/24 11:52,61.5,61.47559336721897
2020/11/24 11:53,61.5,61.474432373046874
2020/11/24 11:54,61.8,61.474733316898345
2020/11/24 11:55,61.7,61.476255148649216
2020/11/24 11:56,61.7,61.478457644581795
2020/11/24 11:57,61.65,61.4808392316103
2020/11/24 11:58,61.65,61.48312168419361
2020/11/24 11:59,61.65,61.485133287310596
2020/11/24 12:00,61.65,61.48691269159317
2020/11/24 12:01,61.65,61.48820586502552
2020/11/24 12:02,61.65,61.48915000259876
2020/11/24 12:03,61.65,61.490588632225986
2020/11/24 12:04,61.65,61.493318074941634
2020/11/24 12:05,61.65,61.50166248083114
2020/11/24 12:06,61.65,61.517119193077086
2020/11/24 12:07,61.65,61.53957934081554
2020/11/24 12:08,61.65,61.567424023151396
2020/11/24 12:09,61.65,61.598293191194536
2020/11/24 12:10,61.65,61.629642689228056
2020/11/24 12:11,61.65,61.659093585610385
2020/11/24 12:12,61.65,61.68455166518688
2020/11/24 12:13,61.65,61.70466769635677
2020/11/24 12:14,61.65,61.71864181756973
2020/11/24 12:15,61.65,61.72614328563213
2020/11/24 12:16,61.65,61.7276438742876
2020/11/24 12:17,61.65,61.72394846081733
2020/11/24 12:18,61.65,61.71628766953945
2020/11/24 12:19,61.65,61.7060496777296
2020/11/24 12:20,61.65,61.69456158876419
2020/11/24 12:21,61.65,61.68295784294605
2020/11/24 12:22,61.65,61.6721061617136
2020/11/24 12:23,61.65,61.662600171566005
2020/11/24 12:24,61.65,61.65477681159973
2020/11/24 12:25,61.65,61.64876767098904
2020/11/24 12:26,61.65,61.644545605778696
2020/11/24 12:27,61.65,61.64196870028972
2020/11/24 12:28,61.65,61.64082068800926
2020/11/24 12:29,61.65,61.6408475369215
2020/11/24 12:30,61.65,61.6417860686779
2020/11/24 12:31,61.65,61.64338490664959
2020/11/24 12:32,61.65,61.645417752861974
2020/11/24 12:33,61.65,61.64769341945648
2020/11/24 12:34,61.65,61.65005612373352
2020/11/24 12:35,61.65,61.65238578319549
2020/11/24 12:36,61.65,61.65459624528885
2020/11/24 12:37,61.65,61.656629386544225
2020/11/24 12:38,61.65,61.6584509819746
2020/11/24 12:39,61.65,61.66004568934441
2020/11/24 12:40,61.65,61.66141350865364
2020/11/24 12:41,61.65,61.66256417632103
2020/11/24 12:42,61.65,61.66351303458214
2020/11/24 12:43,61.65,61.664281621575356
2020/11/24 12:44,61.65,61.66489088535309
2020/11/24 12:45,61.65,61.66536560952663
2020/11/24 12:46,61.65,61.66572526693344
2020/11/24 12:47,61.65,61.66599198579788
2020/11/24 12:48,61.65,61.66618258357048
2020/11/24 12:49,61.65,61.66631387770176
2020/11/24 12:50,61.65,61.66639796495438
2020/11/24 12:51,61.65,61.66644753217697
2020/11/24 12:52,61.65,61.666470545530316
2020/11/24 12:53,61.65,61.66647556126117
2020/11/24 12:54,61.65,61.666467890143394
2020/11/24 12:55,61.65,61.666452252864836
2020/11/24 12:56,61.65,61.6664321899414
2020/11/24 12:57,61.65,61.66641006171703
2020/11/24 12:58,61.65,61.66638704836368
2020/11/24 12:59,61.65,61.6663652151823
2020/11/24 13:00,61.6,61.66634456217289
2020/11/24 13:01,61.65,61.666326564550396
2020/11/24 13:02,61.65,61.66631004214287
2020/11/24 13:03,61.55,61.66629617512226
2020/11/24 13:04,61.55,61.6662840783596
2020/11/24 13:05,61.55,61.66627404689789
2020/11/24 13:06,61.55,61.66626549065113
2020/11/24 13:07,61.55,61.66625899970531
2020/11/24 13:08,61.55,61.66625368893146
2020/11/24 13:09,61.55,61.666248673200606
2020/11/24 13:10,61.55,61.66624513268471
2020/11/24 13:11,61.55,61.666649931669234
2020/11/24 13:12,61.55,61.66749936044216
2020/11/24 13:13,61.5,61.66866743564606
2020/11/24 13:14,61.55,61.66985645890236
2020/11/24 13:15,61.55,61.67078436911106
2020/11/24 13:16,61.55,61.67128564715385
2020/11/24 13:17,61.6,61.67126469910145
2020/11/24 13:18,61.6,61.670824790000914
2020/11/24 13:19,61.6,61.669766175746915
2020/11/24 13:20,61.6,61.66792510747909
2020/11/24 13:21,61.6,61.66527444124222
2020/11/24 13:22,61.5,61.661776116490365
2020/11/24 13:23,61.6,61.65693859159946
2020/11/24 13:24,61.65,61.65073619782925
2020/11/24 13:25,61.7,61.64358347058296
2020/11/24 13:26,61.65,61.63601974844932
2020/11/24 13:27,61.65,61.62855663597583
2020/11/24 13:28,61.65,61.622520056366916
2020/11/24 13:29,61.7,61.61823573708534
2020/11/24 13:30,61.65,61.61586713194847
2020/11/24 13:31,61.7,61.61538149118423
2020/11/24 13:32,61.7,61.61658025085926
2020/11/24 13:33,61.65,61.61874144077301
2020/11/24 13:34,61.6,61.621492421627046
2020/11/24 13:35,61.6,61.62522530555725
2020/11/24 13:36,61.55,61.63036347925663
2020/11/24 13:37,61.55,61.63682403564453
2020/11/24 13:38,61.6,61.644279181957245
2020/11/24 13:39,61.6,61.652304941415785
2020/11/24 13:40,61.6,61.66083522439003
2020/11/24 13:41,61.5,61.66945933103561
2020/11/24 13:42,61.55,61.6780270844698
2020/11/24 13:43,61.45,61.685942792892455
2020/11/24 13:44,61.5,61.69249805808067
2020/11/24 13:45,61.45,61.697305193543436
2020/11/24 13:46,61.55,61.70000601708889
2020/11/24 13:47,61.5,61.70069671273232
2020/11/24 13:48,61.5,61.69950739443302
2020/11/24 13:49,61.55,61.69695261716843
2020/11/24 13:50,61.5,61.693507105112076
2020/11/24 13:51,61.5,61.689602801203726
2020/11/24 13:52,61.55,61.68535329699516
2020/11/24 13:53,61.55,61.68059071302414
2020/11/24 13:54,61.55,61.67475564777851
2020/11/24 13:55,61.7,61.66782567799091
2020/11/24 13:56,61.7,61.65985715687275
2020/11/24 13:57,61.75,61.65152602791786
2020/11/24 13:58,61.7,61.64342178702354
2020/11/24 13:59,61.75,61.635704937577245
2020/11/24 14:00,61.75,61.62865872085094
2020/11/24 14:01,61.75,61.622127059102056
2020/11/24 14:02,61.75,61.61601052284241
2020/11/24 14:03,61.7,61.610485842823984
2020/11/24 14:04,61.75,61.60576485991478
2020/11/24 14:05,61.75,61.60200512707233
2020/11/24 14:06,61.75,61.60094179213047
2020/11/24 14:07,61.7,61.60350748598575
2020/11/24 14:08,61.75,61.61054249107838
2020/11/24 14:09,61.85,61.62179808616638
2020/11/24 14:10,61.95,61.63677446842193
2020/11/24 14:11,62.0,61.65450448691845
2020/11/24 14:12,62.0,61.673767843842505
2020/11/24 14:13,62.0,61.69312177896499
2020/11/24 14:14,62.1,61.710877761244774
2020/11/24 14:15,62.2,61.72559627592563
2020/11/24 14:16,62.05,61.73660698533058
2020/11/24 14:17,62.0,61.7439278870821
2020/11/24 14:18,62.0,61.7477985560894
2020/11/24 14:19,61.9,61.74888667464256
2020/11/24 14:20,61.95,61.7497110247612
2020/11/24 14:21,61.95,61.75248737931251
2020/11/24 14:22,61.95,61.75916125178337
2020/11/24 14:23,61.9,61.77072605192661
2020/11/24 14:24,61.95,61.78710477352142
2020/11/24 14:25,61.95,61.80919346213341
2020/11/24 14:26,62.0,61.83690862059593
2020/11/24 14:27,62.05,61.86813184022903
2020/11/24 14:28,61.95,61.8995539188385
2020/11/24 14:29,61.95,61.92799399793148
2020/11/24 14:30,62.0,61.95089818537235
2020/11/24 14:31,62.05,61.96729283928871
2020/11/24 14:32,62.05,61.97722192108631
2020/11/24 14:33,62.0,61.981471720337865
2020/11/24 14:34,62.0,61.98103092610836
2020/11/24 14:35,62.0,61.977072924375534
2020/11/24 14:36,61.925,61.97004588544369
2020/11/24 14:37,62.05,61.960831397771834
2020/11/24 14:38,62.1,61.951102355122565
2020/11/24 14:39,62.0,61.941346463561054
2020/11/24 14:40,62.025,61.93178412020206
2020/11/24 14:41,62.2,61.923064124584194
2020/11/24 14:42,62.1,61.91597925722599
2020/11/24 14:43,62.1,61.91122139394283
2020/11/24 14:44,62.1,61.90860908329487
2020/11/24 14:45,62.1,61.90768028795719
2020/11/24 14:46,62.1,61.90789006352424
2020/11/24 14:47,62.05,61.90856099128723
2020/11/24 14:48,62.1,61.909932646155355
2020/11/24 14:49,62.075,61.912450543046
2020/11/24 14:50,62.1,61.91585917472839
2020/11/24 14:51,62.1,61.91978649199009
2020/11/24 14:52,62.05,61.9256504714489
2020/11/24 14:53,62.05,61.93354493677616
2020/11/24 14:54,62.0,61.94303676486015
2020/11/24 14:55,62.0,61.95350193977356
2020/11/24 14:56,62.0,61.964229702949524
2020/11/24 14:57,62.0,61.97426647543907
2020/11/24 14:58,62.0,61.98274040520191
2020/11/24 14:59,61.95,61.98944614231586
2020/11/24 15:00,61.95,61.994118148088454
2020/11/24 15:01,61.95,61.99677796065807
2020/11/24 15:02,61.9,61.99733883738518
2020/11/24 15:03,61.95,61.99607162773609
2020/11/24 15:04,61.95,61.993148046731946
2020/11/24 15:05,61.95,61.98886048197746
2020/11/24 15:06,61.9,61.983785742521285
2020/11/24 15:07,61.95,61.97822506725788
2020/11/24 15:08,61.9,61.972503593564035
2020/11/24 15:09,61.9,61.966852045059206
2020/11/24 15:10,61.9,61.96130700707435
2020/11/24 15:11,61.95,61.95575370788574
2020/11/24 15:12,61.85,61.95002662837505
2020/11/24 15:13,61.85,61.94389799535274
2020/11/24 15:14,62.0,61.93742062151432
2020/11/24 15:15,62.0,61.93073435723782
2020/11/24 15:16,61.95,61.9240165233612
2020/11/24 15:17,61.9,61.917267709970474
2020/11/24 15:18,61.85,61.91067379415035
2020/11/24 15:19,61.8,61.90415068864822
2020/11/24 15:20,61.8,61.89771314561367
2020/11/24 15:21,61.8,61.89148950874805
2020/11/24 15:22,61.8,61.88589018285274
2020/11/24 15:23,61.8,61.88080482184887
2020/11/24 15:24,61.8,61.87617323696613
2020/11/24 15:25,61.8,61.8733304977417
2020/11/24 15:26,61.75,61.872609707713124
2020/11/24 15:27,61.75,61.873817613720895
2020/11/24 15:28,61.75,61.87645588815212
2020/11/24 15:29,61.75,61.87952492535114
2020/11/24 15:30,61.75,61.88211687803268
2020/11/24 15:31,61.8,61.88371011018753
2020/11/24 15:32,61.75,61.884010758996006
2020/11/24 15:33,61.75,61.88301734924316
2020/11/24 15:34,61.75,61.880854389071466
2020/11/24 15:35,61.75,61.877518928050996
2020/11/24 15:36,61.7,61.87276017963886
2020/11/24 15:37,61.75,61.866234418749805
2020/11/24 15:38,61.8,61.857648667693134
2020/11/24 15:39,61.85,61.84719352424145
2020/11/24 15:40,61.9,61.83528352379799
2020/11/24 15:41,61.95,61.82254740297794
2020/11/24 15:42,61.9,61.80990186035633
2020/11/24 15:43,61.85,61.79856483340263
2020/11/24 15:44,61.85,61.78849826157093
2020/11/24 15:45,61.85,61.77957085072994
2020/11/24 15:46,61.85,61.77164511084556
2020/11/24 15:47,61.8,61.76457765102386
2020/11/24 15:48,61.8,61.75843013525009
2020/11/24 15:49,61.75,61.754287141561505
2020/11/24 15:50,61.85,61.752529275417324
2020/11/24 15:51,61.8,61.75409624874592
2020/11/24 15:52,61.8,61.759816247224805
2020/11/24 15:53,61.85,61.76972231566906
2020/11/24 15:54,61.9,61.78257674872875
2020/11/24 15:55,61.9,61.79687748253345
2020/11/24 15:56,61.85,61.81122394800186
2020/11/24 15:57,61.85,61.824252161383626
2020/11/24 15:58,61.85,61.83502831161022
2020/11/24 15:59,61.9,61.84272008240223
2020/11/24 16:00,61.9,61.84702033400536
2020/11/24 16:01,61.9,61.849157920479776
2020/11/24 16:02,61.9,61.84902456104755
2020/11/24 16:03,61.9,61.846646514534946
2020/11/24 16:04,61.9,61.84259999990463
2020/11/24 16:05,61.9,61.83830712437629
2020/11/24 16:06,61.9,61.834697568416594
2020/11/24 16:07,61.9,61.83199497461319
2020/11/24 16:08,61.9,61.83090862631798
2020/11/24 16:09,61.9,61.83081509768963
2020/11/25 09:30,62.55,61.83140813410282
2020/11/25 09:31,62.6,61.83247117400169
2020/11/25 09:32,62.6,61.83381597995758
2020/11/25 09:33,62.55,61.83518291413784
2020/11/25 09:34,62.6,61.83641619384289
2020/11/25 09:35,62.6,61.83746802210808
2020/11/25 09:36,62.5,61.83835934698582
2020/11/25 09:37,62.6,61.839088988304134
2020/11/25 09:38,62.55,61.8395985275507
2020/11/25 09:39,62.5,61.83961564004421
2020/11/25 09:40,62.55,61.84244510233402
2020/11/25 09:41,62.5,61.85353075265884
2020/11/25 09:42,62.5,61.8778257727623
2020/11/25 09:43,62.55,61.91732229292393
2020/11/25 09:44,62.7,61.97061266303062
2020/11/25 09:45,62.6,62.03421478569508
2020/11/25 09:46,62.5,62.10357909798622
2020/11/25 09:47,62.6,62.17305965721607
2020/11/25 09:48,62.55,62.237953478097914
2020/11/25 09:49,62.4,62.293667626380916
2020/11/25 09:50,62.5,62.334874510765076
2020/11/25 09:51,62.45,62.36002574563026
2020/11/25 09:52,62.4,62.37015221118927
2020/11/25 09:53,62.45,62.36764759123325
2020/11/25 09:54,62.45,62.35583997070789
2020/11/25 09:55,62.5,62.33931579291821
2020/11/25 09:56,62.05,62.32135328054428
2020/11/25 09:57,62.05,62.3037386238575
2020/11/25 09:58,62.2,62.287990409135816
2020/11/25 09:59,62.1,62.27485421001911
2020/11/25 10:00,62.15,62.26418516039848
2020/11/25 10:01,62.15,62.2559207111597
2020/11/25 10:02,62.4,62.24990566968918
2020/11/25 10:03,62.45,62.245549654960634
2020/11/25 10:04,62.4,62.24253490567207
2020/11/25 10:05,62.25,62.24032739400864
2020/11/25 10:06,62.2,62.23850756883621
2020/11/25 10:07,62.3,62.23662991523742
2020/11/25 10:08,62.3,62.23398367464542
2020/11/25 10:09,62.3,62.230412769317624
2020/11/25 10:10,62.3,62.22568677067756
2020/11/25 10:11,62.2,62.22005823552608
2020/11/25 10:12,62.2,62.213470220565796
2020/11/25 10:13,62.3,62.207051855325695
2020/11/25 10:14,62.2,62.20210221409798
2020/11/25 10:15,62.15,62.199197220802304
2020/11/25 10:16,62.2,62.19740276932716
2020/11/25 10:17,62.2,62.19521620571613
2020/11/25 10:18,62.15,62.19190493822098
2020/11/25 10:19,62.2,62.18734239339828
2020/11/25 10:20,62.15,62.18157400786877
2020/11/25 10:21,62.2,62.17474346756935
2020/11/25 10:22,62.2,62.16655779480934
2020/11/25 10:23,62.2,62.15702141523361
2020/11/25 10:24,62.2,62.146567451953885
2020/11/25 10:25,62.15,62.1353676199913
2020/11/25 10:26,62.2,62.123489189147946
2020/11/25 10:27,62.2,62.11142163574696
2020/11/25 10:28,62.15,62.0996842354536
2020/11/25 10:29,62.2,62.0885271847248
2020/11/25 10:30,62.25,62.07824582159519
2020/11/25 10:31,62.198,62.068742191791536
2020/11/25 10:32,62.25,62.06024111807346
2020/11/25 10:33,62.3,62.052962112426755
2020/11/25 10:34,62.25,62.04673375487327
2020/11/25 10:35,62.25,62.041433897614475
2020/11/25 10:36,62.25,62.036794346570964
2020/11/25 10:37,62.2,62.032863488793375
2020/11/25 10:38,62.25,62.02973868846893
2020/11/25 10:39,62.2,62.02725708186626
2020/11/25 10:40,62.15,62.02550452649593
2020/11/25 10:41,62.05,62.02498554587364
2020/11/25 10:42,62.15,62.02560248076916
2020/11/25 10:43,62.15,62.027481314539905
2020/11/25 10:44,62.1,62.031223344802854
2020/11/25 10:45,62.15,62.036692851781844
2020/11/25 10:46,62.15,62.04334666132927
2020/11/25 10:47,62.1,62.050633043050766
2020/11/25 10:48,62.1,62.05779078602791
2020/11/25 10:49,62.15,62.064252227544785
2020/11/25 10:50,62.1,62.069608733057976
2020/11/25 10:51,62.05,62.07363193929195
2020/11/25 10:52,62.1,62.0760613232851
2020/11/25 10:53,62.0,62.07718307673931
2020/11/25 10:54,61.9,62.07713823020458
2020/11/25 10:55,61.9,62.07592206299305
2020/11/25 10:56,61.85,62.07370510995388
2020/11/25 10:57,61.9,62.07061778008938
2020/11/25 10:58,62.05,62.066750356554984
2020/11/25 10:59,62.05,62.061834055185315
2020/11/25 11:00,61.95,62.05600961148739
2020/11/25 11:01,61.95,62.049363473057745
2020/11/25 11:02,62.05,62.04189062416553
2020/11/25 11:03,62.05,62.033901154994965
2020/11/25 11:04,62.1,62.025663849711414
2020/11/25 11:05,62.05,62.0175029605627
2020/11/25 11:06,62.1,62.00950168967247
2020/11/25 11:07,62.1,62.00153523385524
2020/11/25 11:08,62.1,61.99368295967579
2020/11/25 11:09,62.25,61.986745023727416
2020/11/25 11:10,62.25,61.98108521401882
2020/11/25 11:11,62.5,61.97630522251129
2020/11/25 11:12,62.4,61.97187072634697
2020/11/25 11:13,62.55,61.96776461303234
2020/11/25 11:14,62.55,61.964227047562595
2020/11/25 11:15,62.45,61.96189030706882
2020/11/25 11:16,62.5,61.96085352599621
2020/11/25 11:17,62.4,61.960995736718175
2020/11/25 11:18,62.4,61.961985900998116
2020/11/25 11:19,62.45,61.96359713077545
2020/11/25 11:20,62.45,61.967172756791115
2020/11/25 11:21,62.45,61.973407900333406
2020/11/25 11:22,62.45,61.98513703942299
2020/11/25 11:23,62.4,62.00292990207672
2020/11/25 11:24,62.4,62.02766335606575
2020/11/25 11:25,62.4,62.05869656801224
2020/11/25 11:26,62.5,62.093696337938304
2020/11/25 11:27,62.5,62.130138573050495
2020/11/25 11:28,62.5,62.164912635087965
2020/11/25 11:29,62.5,62.195020297169684
2020/11/25 11:30,62.45,62.21886655688286
2020/11/25 11:31,62.45,62.23571587204933
2020/11/25 11:32,62.5,62.24565734565258
2020/11/25 11:33,62.5,62.249590563774106
2020/11/25 11:34,62.45,62.24842189848423
2020/11/25 11:35,62.45,62.243034708499906
2020/11/25 11:36,62.45,62.23454779684543
2020/11/25 11:37,62.4,62.22464939951897
2020/11/25 11:38,62.4,62.214875215291976
2020/11/25 11:39,62.45,62.20636558532715
2020/11/25 11:40,62.35,62.19985103607178
2020/11/25 11:41,62.35,62.19540503323078
2020/11/25 11:42,62.4,62.19282016158104
2020/11/25 11:43,62.4,62.19204301834106
2020/11/25 11:44,62.35,62.19287149906158
2020/11/25 11:45,62.35,62.19472141861915
2020/11/25 11:46,62.35,62.196833631396295
2020/11/25 11:47,62.4,62.19878888130188
2020/11/25 11:48,62.35,62.20020272731781
2020/11/25 11:49,62.35,62.20094121992588
2020/11/25 11:50,62.4,62.20116722285747
2020/11/25 11:51,62.4,62.20086598396301
2020/11/25 11:52,62.4,62.200039273500444
2020/11/25 11:53,62.4,62.19885939657688
2020/11/25 11:54,62.35,62.19733726978302
2020/11/25 11:55,62.35,62.19532242119312
2020/11/25 11:56,62.3,62.19270037412643
2020/11/25 11:57,62.35,62.189417430758475
2020/11/25 11:58,62.2,62.18578899204731
2020/11/25 11:59,62.25,62.18197025060653
2020/11/25 12:00,62.25,62.17793435752392
2020/11/25 12:01,62.25,62.173944196105005
2020/11/25 12:02,62.25,62.17029510438442
2020/11/25 12:03,62.25,62.167185351252556
2020/11/25 12:04,62.25,62.164761278033254
2020/11/25 12:05,62.25,62.162950894236566
2020/11/25 12:06,62.25,62.16148482561111
2020/11/25 12:07,62.25,62.160060653090476
2020/11/25 12:08,62.25,62.158677491545674
2020/11/25 12:09,62.25,62.15716008543968
2020/11/25 12:10,62.25,62.155530562996866
2020/11/25 12:11,62.25,62.15378833413124
2020/11/25 12:12,62.25,62.15186465382576
2020/11/25 12:13,62.25,62.14959695339203
2020/11/25 12:14,62.25,62.14672116935253
2020/11/25 12:15,62.25,62.143062046170236
2020/11/25 12:16,62.25,62.13849183022976
2020/11/25 12:17,62.25,62.133065399527545
2020/11/25 12:18,62.25,62.12663611769676
2020/11/25 12:19,62.25,62.11907475590706
2020/11/25 12:20,62.25,62.11059020459652
2020/11/25 12:21,62.25,62.101597589254375
2020/11/25 12:22,62.25,62.09258402585983
2020/11/25 12:23,62.25,62.084013912081716
2020/11/25 12:24,62.25,62.07626401782036
2020/11/25 12:25,62.25,62.06959339082241
2020/11/25 12:26,62.25,62.06414188146591
2020/11/25 12:27,62.25,62.05994105935097
2020/11/25 12:28,62.25,62.05693781673908
2020/11/25 12:29,62.25,62.05501354634762
2020/11/25 12:30,62.25,62.05401305556297
2020/11/25 12:31,62.25,62.053763744235034
2020/11/25 12:32,62.25,62.05409271717071
2020/11/25 12:33,62.25,62.05483888089657
2020/11/25 12:34,62.25,62.0558609098196
2020/11/25 12:35,62.25,62.05704049170017
2020/11/25 12:36,62.25,62.05828232765197
2020/11/25 12:37,62.25,62.05951501727104
2020/11/25 12:38,62.25,62.060685452818866
2020/11/25 12:39,62.25,62.061759704351424
2020/11/25 12:40,62.25,62.062716823816295
2020/11/25 12:41,62.25,62.063549435138704
2020/11/25 12:42,62.25,62.06425576806068
2020/11/25 12:43,62.25,62.064842018485066
2020/11/25 12:44,62.25,62.06531615257263
2020/11/25 12:45,62.25,62.06569203734398
2020/11/25 12:46,62.25,62.065981769561766
2020/11/25 12:47,62.25,62.06619744598866
2020/11/25 12:48,62.25,62.06635175347328
2020/11/25 12:49,62.25,62.066457378864285
2020/11/25 12:50,62.25,62.06652258336544
2020/11/25 12:51,62.25,62.06655769348144
2020/11/25 12:52,62.25,62.06656949520111
2020/11/25 12:53,62.25,62.06656506955623
2020/11/25 12:54,62.25,62.06654884219169
2020/11/25 12:55,62.25,62.06652464866638
2020/11/25 12:56,62.25,62.06649691462517
2020/11/25 12:57,62.25,62.06646652519703
2020/11/25 12:58,62.25,62.06643613576889
2020/11/25 12:59,62.25,62.066406631469725
2020/11/25 13:00,62.15,62.0663791924715
2020/11/25 13:01,62.15,62.066353818774225
2020/11/25 13:02,62.25,62.06633051037788
2020/11/25 13:03,62.25,62.066311332583425
2020/11/25 13:04,62.4,62.06629333496094
2020/11/25 13:05,62.4,62.06627799272537
2020/11/25 13:06,62.4,62.066264715790744
2020/11/25 13:07,62.4,62.06625409424305
2020/11/25 13:08,62.4,62.066244947910306
2020/11/25 13:09,62.45,62.06623727679253
2020/11/25 13:10,62.45,62.0662310808897
2020/11/25 13:11,62.45,62.06632903516292
2020/11/25 13:12,62.65,62.066593983769415
2020/11/25 13:13,62.65,62.067610111832614
2020/11/25 13:14,62.65,62.06950723826885
2020/11/25 13:15,62.65,62.07362279295921
2020/11/25 13:16,62.65,62.08065130710602
2020/11/25 13:17,62.75,62.09096719026565
2020/11/25 13:18,62.75,62.10418983697891
2020/11/25 13:19,62.65,62.119704672694205
2020/11/25 13:20,62.75,62.13684490025043
2020/11/25 13:21,62.6,62.154569607973094
2020/11/25 13:22,62.7,62.17171160578727
2020/11/25 13:23,62.6,62.18930619955063
2020/11/25 13:24,62.6,62.207454884052275
2020/11/25 13:25,62.65,62.226062655448914
2020/11/25 13:26,62.65,62.244944816827775
2020/11/25 13:27,62.55,62.26369450390339
2020/11/25 13:28,62.65,62.28276785314083
2020/11/25 13:29,62.6,62.30191968381405
2020/11/25 13:30,62.55,62.3199235022068
2020/11/25 13:31,62.5,62.33614880144596
2020/11/25 13:32,62.5,62.34923484325409
2020/11/25 13:33,62.55,62.35869598686695
2020/11/25 13:34,62.55,62.36425990760326
2020/11/25 13:35,62.55,62.36664946079254
2020/11/25 13:36,62.55,62.36636031866073
2020/11/25 13:37,62.55,62.364050132036205
2020/11/25 13:38,62.5,62.36002722084522
2020/11/25 13:39,62.4,62.35488019585609
2020/11/25 13:40,62.45,62.349051031470296
2020/11/25 13:41,62.45,62.34254297316074
2020/11/25 13:42,62.45,62.335419160127636
2020/11/25 13:43,62.45,62.3277459770441
2020/11/25 13:44,62.35,62.31988013088703
2020/11/25 13:45,62.4,62.31218836009502
2020/11/25 13:46,62.4,62.304910534620284
2020/11/25 13:47,62.4,62.298081174492836
2020/11/25 13:48,62.4,62.29180088937282
2020/11/25 13:49,62.4,62.28573215007782
2020/11/25 13:50,62.4,62.27953123152256
2020/11/25 13:51,62.35,62.27315269708633
2020/11/25 13:52,62.3,62.26675527989864
2020/11/25 13:53,62.3,62.26055908203125
2020/11/25 13:54,62.2,62.25472578704357
2020/11/25 13:55,62.25,62.24908751547336
2020/11/25 13:56,62.25,62.24361505806446
2020/11/25 13:57,62.25,62.23860168755054
2020/11/25 13:58,62.25,62.23350245952606
2020/11/25 13:59,62.25,62.22797305881977
2020/11/25 14:00,62.4,62.221982505917545
2020/11/25 14:01,62.5,62.215588924288745
2020/11/25 14:02,62.5,62.208882892131804
2020/11/25 14:03,62.6,62.20182398855686
2020/11/25 14:04,62.7,62.19441929459572
2020/11/25 14:05,62.7,62.186807775497435
2020/11/25 14:06,62.65,62.17926116585731
2020/11/25 14:07,62.65,62.17200605869293
2020/11/25 14:08,62.6,62.16519233584404
2020/11/25 14:09,62.65,62.15875390768051
2020/11/25 14:10,62.65,62.15249309539795
2020/11/25 14:11,62.65,62.14730033874512
2020/11/25 14:12,62.65,62.14470897614956
2020/11/25 14:13,62.6,62.14595376253128
2020/11/25 14:14,62.5,62.152942740917204
2020/11/25 14:15,62.5,62.16702219247818
2020/11/25 14:16,62.5,62.187871700525285
2020/11/25 14:17,62.55,62.213876199722286
2020/11/25 14:18,62.55,62.24271930754185
2020/11/25 14:19,62.55,62.2715025216341
2020/11/25 14:20,62.4,62.29755127727985
2020/11/25 14:21,62.4,62.318899407982826
2020/11/25 14:22,62.5,62.33467152118683
2020/11/25 14:23,62.4,62.34445780217647
2020/11/25 14:24,62.5,62.34855270385742
2020/11/25 14:25,62.5,62.34778559207916
2020/11/25 14:26,62.5,62.34316993951797
2020/11/25 14:27,62.5,62.33584077656269
2020/11/25 14:28,62.45,62.32706885337829
2020/11/25 14:29,62.45,62.31795910596848
2020/11/25 14:30,62.55,62.30915177762508
2020/11/25 14:31,62.55,62.30061411857605
2020/11/25 14:32,62.55,62.292176184058185
2020/11/25 14:33,62.5,62.28392825722694
2020/11/25 14:34,62.5,62.27564551532269
2020/11/25 14:35,62.45,62.26770915389061
2020/11/25 14:36,62.5,62.260470274090764
2020/11/25 14:37,62.45,62.25420474112034
2020/11/25 14:38,62.5,62.249037358164784
2020/11/25 14:39,62.5,62.24467042684555
2020/11/25 14:40,62.5,62.24074310958385
2020/11/25 14:41,62.5,62.23769384026527
2020/11/25 14:42,62.5,62.235897028446196
2020/11/25 14:43,62.5,62.23587696552276
2020/11/25 14:44,62.4,62.236932629346846
2020/11/25 14:45,62.5,62.23831756114959
2020/11/25 14:46,62.45,62.239466458559036
2020/11/25 14:47,62.45,62.24028343260288
2020/11/25 14:48,62.5,62.24058496654033
2020/11/25 14:49,62.5,62.24044718146324
2020/11/25 14:50,62.5,62.23998720943928
2020/11/25 14:51,62.65,62.239302119612695
2020/11/25 14:52,62.7,62.23851523995399
2020/11/25 14:53,62.6,62.23749852180481
2020/11/25 14:54,62.65,62.236195316910745
2020/11/25 14:55,62.65,62.23451475203037
2020/11/25 14:56,62.6,62.232855135202406
2020/11/25 14:57,62.6,62.231201419234274
2020/11/25 14:58,62.6,62.229526460170746
2020/11/25 14:59,62.45,62.22823712229729
2020/11/25 15:00,62.55,62.227412772178646
2020/11/25 15:01,62.45,62.22754082083702
2020/11/25 15:02,62.45,62.23026583790779
2020/11/25 15:03,62.4,62.236516618728636
2020/11/25 15:04,62.5,62.246007561683655
2020/11/25 15:05,62.4,62.258166873455046
2020/11/25 15:06,62.4,62.272057792544366
2020/11/25 15:07,62.4,62.286393931508066
2020/11/25 15:08,62.45,62.29978770315647
2020/11/25 15:09,62.5,62.31120439171791
2020/11/25 15:10,62.5,62.31965619325638
2020/11/25 15:11,62.5,62.32499263584614
2020/11/25 15:12,62.5,62.3271780192852
2020/11/25 15:13,62.55,62.3269767999649
2020/11/25 15:14,62.55,62.32436478435993
2020/11/25 15:15,62.5,62.319876295328136
2020/11/25 15:16,62.55,62.31359423995018
2020/11/25 15:17,62.55,62.30564342141151
2020/11/25 15:18,62.55,62.29616014957428
2020/11/25 15:19,62.55,62.285432976484294
2020/11/25 15:20,62.55,62.274263828992844
2020/11/25 15:21,62.55,62.26326816678047
2020/11/25 15:22,62.55,62.25311780273914
2020/11/25 15:23,62.55,62.24431903064251
2020/11/25 15:24,62.55,62.23754041790962
2020/11/25 15:25,62.55,62.23316345512867
2020/11/25 15:26,62.6,62.23093322515488
2020/11/25 15:27,62.55,62.23060690760612
2020/11/25 15:28,62.45,62.231597071886064
2020/11/25 15:29,62.6,62.233312451839446
2020/11/25 15:30,62.5,62.23567043542862
2020/11/25 15:31,62.45,62.23820721507072
2020/11/25 15:32,62.45,62.24059116244316
2020/11/25 15:33,62.6,62.24260778129101
2020/11/25 15:34,62.6,62.24424025416374
2020/11/25 15:35,62.55,62.245595681667325
2020/11/25 15:36,62.55,62.24643006324768
2020/11/25 15:37,62.55,62.24716855585575
2020/11/25 15:38,62.6,62.24806843698025
2020/11/25 15:39,62.6,62.24901198446751
2020/11/25 15:40,62.65,62.25072323381901
2020/11/25 15:41,62.65,62.25315202772617
2020/11/25 15:42,62.6,62.255848720669746
2020/11/25 15:43,62.55,62.25834301412105
2020/11/25 15:44,62.6,62.2614076256752
2020/11/25 15:45,62.45,62.265367397665976
2020/11/25 15:46,62.5,62.270037633180614
2020/11/25 15:47,62.5,62.27491557896137
2020/11/25 15:48,62.5,62.2796814084053
2020/11/25 15:49,62.6,62.28430148661136
2020/11/25 15:50,62.55,62.28877138793468
2020/11/25 15:51,62.55,62.29333983361721
2020/11/25 15:52,62.45,62.2979835152626
2020/11/25 15:53,62.5,62.302112051844595
2020/11/25 15:54,62.45,62.30518610477447
2020/11/25 15:55,62.45,62.30724402964115
2020/11/25 15:56,62.45,62.3079444617033
2020/11/25 15:57,62.5,62.3074718028307
2020/11/25 15:58,62.45,62.30608952641487
2020/11/25 15:59,62.45,62.303972887992856
2020/11/25 16:00,62.45,62.30193296074867
2020/11/25 16:01,62.45,62.300052946805955
2020/11/25 16:02,62.45,62.29813900291919
2020/11/25 16:03,62.45,62.29564736485481
2020/11/25 16:04,62.45,62.29242343008518
2020/11/25 16:05,62.45,62.288269224762914
2020/11/25 16:06,62.45,62.28313901722431
2020/11/25 16:07,62.45,62.27720658779144
2020/11/25 16:08,62.5,62.2709558069706
