time,value2015-10-26,25.794306
2015-10-27,25.508760000000002
2015-10-28,25.223213
2015-10-29,25.365988
2015-10-30,25.365988
2015-11-02,25.080442
2015-11-03,26.032263
2015-11-04,25.461170000000003
2015-11-05,25.461170000000003
2015-11-06,25.508760000000002
2015-11-09,25.175625
2015-11-10,24.176212
2015-11-11,23.985848999999998
2015-11-12,24.60453
2015-11-13,24.03344
2015-11-16,23.414759
2015-11-17,23.7003
2015-11-18,22.605711
2015-11-19,23.129210999999998
2015-11-20,22.891257999999997
2015-11-23,21.987029999999997
2015-11-24,22.320168
2015-11-25,22.462936
2015-11-26,22.415346
2015-11-27,21.844255
2015-11-30,21.701483
2015-12-01,22.653301000000003
2015-12-02,22.843666
2015-12-03,22.843666
2015-12-04,22.510529000000002
2015-12-07,22.748482
2015-12-08,21.796667000000003
2015-12-09,21.749073000000003
2015-12-10,22.082210999999997
2015-12-11,22.034616
2015-12-14,21.511116
2015-12-15,21.177982
2015-12-16,21.987029999999997
2015-12-17,22.558117000000003
2015-12-18,22.415346
2015-12-21,23.176802
2015-12-22,23.129210999999998
2015-12-23,23.414759
2015-12-24,23.605122
2015-12-28,23.176802
2015-12-29,23.319576
2015-12-30,23.319576
2015-12-31,23.271984
2016-01-04,23.224394
2016-01-05,23.319576
2016-01-06,22.891257999999997
2016-01-07,21.368347
2016-01-08,20.987616
2016-01-11,20.368935
2016-01-12,20.559301
2016-01-13,20.606888
2016-01-14,20.559301
2016-01-15,20.130981
2016-01-18,20.844847
2016-01-19,21.273167
2016-01-20,19.655071
2016-01-21,19.131569
2016-01-22,20.464119
2016-01-25,20.654484
2016-01-26,20.511707
2016-01-27,21.368347
2016-01-28,22.462936
2016-01-29,22.93885
2016-02-01,23.034031
2016-02-02,22.605711
2016-02-03,21.55871
2016-02-04,21.891848
2016-02-05,22.224981
2016-02-11,21.463526
2016-02-12,22.129801
2016-02-15,23.938260999999997
2016-02-16,23.462347
2016-02-17,23.795485
2016-02-18,25.223213
2016-02-19,24.509348000000003
2016-02-22,25.128031
2016-02-23,25.128031
2016-02-24,24.794895
2016-02-25,24.223804
2016-02-26,24.842487
2016-02-29,24.842487
2016-03-01,24.652122
2016-03-02,25.889488
2016-03-03,25.651531
2016-03-04,25.746714
2016-03-07,25.41358
2016-03-08,24.747304999999997
2016-03-09,24.985262
2016-03-10,24.985262
2016-03-11,25.699123
2016-03-14,25.41358
2016-03-15,25.603941
2016-03-16,25.508760000000002
2016-03-17,25.746714
2016-03-18,28.221443
2016-03-21,27.412399
2016-03-22,27.222034000000004
2016-03-23,27.650352
2016-03-24,27.031670000000002
2016-03-29,27.697943
2016-03-30,28.221443
2016-03-31,27.697943
2016-04-01,26.650944
2016-04-05,25.556348999999997
2016-04-06,25.937078
2016-04-07,25.794306
2016-04-08,26.412990999999998
2016-04-11,26.175032
2016-04-12,26.365396
2016-04-13,27.459991
2016-04-14,27.650352
2016-04-15,27.412399
2016-04-18,27.317219
2016-04-19,28.031082
2016-04-20,27.650352
2016-04-21,26.936489
2016-04-22,26.175032
2016-04-25,26.412990999999998
2016-04-26,26.841309000000003
2016-04-27,26.270215999999998
2016-04-28,25.603941
2016-04-29,24.93767
2016-05-03,24.652122
2016-05-04,24.318985
2016-05-05,24.366577
2016-05-06,23.271984
2016-05-09,23.462347
2016-05-10,23.414759
2016-05-11,23.605122
2016-05-12,23.938260999999997
2016-05-13,23.652712
2016-05-16,23.652712
2016-05-17,23.747894
2016-05-18,23.129210999999998
2016-05-19,23.081617
2016-05-20,23.176802
2016-05-23,22.653301000000003
2016-05-24,23.795485
2016-05-25,24.509348000000003
2016-05-26,24.509348000000003
2016-05-27,24.509348000000003
2016-05-30,24.842487
2016-05-31,24.842487
2016-06-01,24.271397
2016-06-02,24.890078
2016-06-03,24.890078
2016-06-06,24.271397
2016-06-07,23.652712
2016-06-08,23.7003
2016-06-10,23.843076999999997
2016-06-13,22.843666
2016-06-14,22.558117000000003
2016-06-15,22.748482
2016-06-16,22.082210999999997
2016-06-17,22.129801
2016-06-20,22.320168
2016-06-21,22.224981
2016-06-22,22.558117000000003
2016-06-23,22.796078
2016-06-24,21.987029999999997
2016-06-27,21.653893
2016-06-28,21.177982
2016-06-29,21.320753
2016-06-30,21.891848
2016-07-04,22.272575
2016-07-05,21.463526
2016-07-06,21.0828
2016-07-07,21.368347
2016-07-08,21.511116
2016-07-11,21.891848
2016-07-12,22.843666
2016-07-13,22.93885
2016-07-14,23.034031
2016-07-15,22.986437
2016-07-18,23.414759
2016-07-19,22.843666
2016-07-20,23.034031
2016-07-21,22.986437
2016-07-22,23.034031
2016-07-25,23.462347
2016-07-26,24.985262
2016-07-27,24.60453
2016-07-28,24.60453
2016-07-29,24.556938
2016-08-01,24.699710999999997
2016-08-02,24.699710999999997
2016-08-03,23.890667
2016-08-04,24.03344
2016-08-05,24.461761
2016-08-08,24.747304999999997
2016-08-09,25.175625
2016-08-10,26.032263
2016-08-11,26.079853
2016-08-12,26.746126
2016-08-15,26.222624
2016-08-16,26.412990999999998
2016-08-17,26.127443
2016-08-18,26.079853
2016-08-19,25.365988
2016-08-22,25.365988
2016-08-23,25.365988
2016-08-24,24.556938
2016-08-25,25.080442
2016-08-26,25.175625
2016-08-29,24.223804
2016-08-30,24.271397
2016-08-31,24.03344
2016-09-01,25.984671
2016-09-02,25.746714
2016-09-05,25.889488
2016-09-06,25.841894
2016-09-07,26.032263
2016-09-08,27.555173999999997
2016-09-09,28.031082
2016-09-12,26.984078999999998
2016-09-13,26.698532
2016-09-14,27.222034000000004
2016-09-15,28.697353000000003
2016-09-19,28.459402
2016-09-20,27.840716999999998
2016-09-21,28.221443
2016-09-22,28.221443
2016-09-23,27.793125
2016-09-26,27.079262
2016-09-27,27.507579999999997
2016-09-28,27.888308000000002
2016-09-29,28.41181
2016-09-30,27.793125
2016-10-03,28.602175
2016-10-04,28.840124
2016-10-05,29.125675
2016-10-06,30.220266
2016-10-07,29.696765999999997
2016-10-11,30.458221
2016-10-12,29.649174
2016-10-13,28.792538
2016-10-14,29.125675
2016-10-17,27.888308000000002
2016-10-18,28.649763
2016-10-19,28.554583
2016-10-20,28.602175
2016-10-21,28.602175
2016-10-24,29.125675
2016-10-25,29.934721000000003
2016-10-26,30.505812
2016-10-27,30.267853000000002
2016-10-28,30.363037
2016-10-31,30.315447
2016-11-01,30.981720000000003
2016-11-02,30.553403999999997
2016-11-03,30.553403999999997
2016-11-04,30.220266
2016-11-07,30.93413
2016-11-08,31.410041999999997
2016-11-09,30.696175
2016-11-10,31.124496
2016-11-11,31.552813
2016-11-14,31.219675
2016-11-15,31.457629999999998
2016-11-16,31.885944
2016-11-17,33.266090000000005
2016-11-18,34.217907000000004
2016-11-21,34.788998
2016-11-22,34.741409000000004
2016-11-23,34.931778
2016-11-24,35.598045
2016-11-25,35.217316
2016-11-28,35.69323
2016-11-29,35.788403
2016-11-30,36.645046
2016-12-01,35.69323
2016-12-02,34.027538
2016-12-05,34.884186
2016-12-06,36.169136
2016-12-07,36.169136
2016-12-08,35.835999
2016-12-09,33.313679
2016-12-12,32.837771999999994
2016-12-13,32.837771999999994
2016-12-14,32.885360999999996
2016-12-15,31.885944
2016-12-16,32.266682
2016-12-19,31.981129
2016-12-20,31.743170000000003
2016-12-21,32.266682
2016-12-22,31.885944
2016-12-23,31.505219
2016-12-28,31.647996999999997
2016-12-29,31.457629999999998
2016-12-30,32.171494
2017-01-03,31.743170000000003
2017-01-04,31.743170000000003
2017-01-05,32.552219
2017-01-06,32.361862
2017-01-09,33.741993
2017-01-10,34.122726
2017-01-11,34.50346
2017-01-12,33.741993
2017-01-13,33.789584999999995
2017-01-16,33.646812
2017-01-17,33.694408
2017-01-18,34.075134000000006
2017-01-19,34.027538
2017-01-20,33.694408
2017-01-23,33.97995
2017-01-24,33.884769
2017-01-25,34.693816999999996
2017-01-26,35.026951000000004
2017-01-27,35.360096
2017-02-01,34.408272
2017-02-02,33.837177000000004
2017-02-03,33.837177000000004
2017-02-06,33.694408
2017-02-07,33.075726
2017-02-08,32.504630999999996
2017-02-09,33.170906
2017-02-10,33.789584999999995
2017-02-13,33.694408
2017-02-14,36.02636
2017-02-15,35.788403
2017-02-16,35.502865
2017-02-17,35.074543
2017-02-20,34.836586
2017-02-21,34.075134000000006
2017-02-22,34.408272
2017-02-23,35.074543
2017-02-24,35.217316
2017-02-27,35.312504
2017-02-28,35.407681
2017-03-01,37.358913
2017-03-02,37.263729
2017-03-03,36.740231
2017-03-06,36.692634999999996
2017-03-07,36.597462
2017-03-08,36.835407000000004
2017-03-09,36.359505
2017-03-10,36.740231
2017-03-13,36.835407000000004
2017-03-14,37.59687
2017-03-15,37.501686
2017-03-16,38.072773
2017-03-17,38.501095
2017-03-20,39.595688
2017-03-21,39.452919
2017-03-22,39.310143
2017-03-23,39.690872
2017-03-24,39.595688
2017-03-27,39.214962
2017-03-28,40.595096999999996
2017-03-29,40.690281
2017-03-30,41.023415
2017-03-31,40.499916
2017-04-03,40.928238
2017-04-05,41.308968
2017-04-06,41.166187
2017-04-07,41.213776
2017-04-10,41.737286
2017-04-11,40.975821999999994
2017-04-12,41.404144
2017-04-13,41.166187
2017-04-18,41.308968
2017-04-19,40.309551
2017-04-20,40.261963
2017-04-21,40.214366999999996
2017-04-24,39.500504
2017-04-25,40.119186
2017-04-26,42.022822999999995
2017-04-27,40.928238
2017-04-28,41.213776
2017-05-02,41.213776
2017-05-04,40.404732
2017-05-05,38.548683000000004
2017-05-08,38.025185
2017-05-09,39.119774
2017-05-10,38.405914
2017-05-11,38.548683000000004
2017-05-12,38.596278999999996
2017-05-15,38.929417
2017-05-16,39.310143
2017-05-17,38.405914
2017-05-18,37.692043
2017-05-19,38.072773
2017-05-22,39.16737
2017-05-23,40.737869
2017-05-24,40.595096999999996
2017-05-25,40.83305
2017-05-26,40.880642
2017-05-29,41.594509
2017-05-31,42.879459000000004
2017-06-01,42.784286
2017-06-02,43.165012
2017-06-05,42.831866999999995
2017-06-06,42.118010999999996
2017-06-07,43.736107000000004
2017-06-08,45.16383
2017-06-09,44.830692
2017-06-12,45.068645000000004
2017-06-13,46.258423
2017-06-14,46.02047
2017-06-15,45.116234000000006
2017-06-16,44.783103999999994
2017-06-19,45.544556
2017-06-20,46.258423
2017-06-21,45.782515999999994
2017-06-22,45.639744
2017-06-23,44.878284
2017-06-26,45.782515999999994
2017-06-27,45.259009999999996
2017-06-28,44.783103999999994
2017-06-29,45.306602000000005
2017-06-30,45.116234000000006
2017-07-03,44.116825
2017-07-04,42.546333000000004
2017-07-05,43.069824
2017-07-06,43.831284000000004
2017-07-07,43.640915
2017-07-10,44.164421000000004
2017-07-11,44.354782
2017-07-12,44.354782
2017-07-13,45.116234000000006
2017-07-14,44.592739
2017-07-17,43.165012
2017-07-18,43.593334000000006
2017-07-19,44.069233000000004
2017-07-20,43.640915
2017-07-21,43.926468
2017-07-24,45.496964
2017-07-25,45.592155
2017-07-26,44.68792
2017-07-27,45.259009999999996
2017-07-28,45.639744
2017-07-31,46.02047
2017-08-01,45.401790999999996
2017-08-02,44.830692
2017-08-03,45.449379
2017-08-04,45.354195000000004
2017-08-07,45.211422
2017-08-08,46.306011
2017-08-09,46.258423
2017-08-10,45.449379
2017-08-11,43.783695
2017-08-14,44.116825
2017-08-15,43.831284000000004
2017-08-16,44.640335
2017-08-17,45.211422
2017-08-18,45.401790999999996
2017-08-21,45.021057
2017-08-22,45.830109
2017-08-23,45.830109
2017-08-24,45.544556
2017-08-25,44.878284
2017-08-28,44.307190000000006
2017-08-29,45.496964
2017-08-30,45.925282
2017-08-31,46.734328999999995
2017-09-01,48.542792999999996
2017-09-04,49.209061
2017-09-05,48.590378
2017-09-06,48.733154
2017-09-07,48.875927000000004
2017-09-08,48.733154
2017-09-11,49.018696000000006
2017-09-12,49.494609999999994
2017-09-13,50.684383000000004
2017-09-14,50.018112
2017-09-15,49.780155
2017-09-18,50.303653999999995
2017-09-19,49.87534
2017-09-20,50.303653999999995
2017-09-21,51.541019
2017-09-22,51.255466
2017-09-25,50.326515
2017-09-26,50.422287
2017-09-27,51.76305
2017-09-28,52.002468
2017-09-29,52.672852
2017-10-03,53.438999
2017-10-04,54.061501
2017-10-06,53.055927000000004
2017-10-09,51.332088
2017-10-10,51.76305
2017-10-11,50.949013
2017-10-12,51.619392
2017-10-13,50.805363
2017-10-16,51.044785
2017-10-17,50.565940999999995
2017-10-18,50.470172999999996
2017-10-19,49.225178
2017-10-20,50.613823
2017-10-23,50.422287
2017-10-24,50.757473
2017-10-25,50.853245
2017-10-26,50.374401
2017-10-27,49.368828
2017-10-30,49.60825
2017-10-31,50.853245
2017-11-01,52.96015500000001
2017-11-02,52.050354
2017-11-03,51.667286
2017-11-06,52.385551
2017-11-07,53.438999
2017-11-08,53.72630699999999
2017-11-09,54.109382999999994
2017-11-10,54.68399399999999
2017-11-13,54.061501
2017-11-14,53.869960999999996
2017-11-15,53.151699
2017-11-16,53.008049
2017-11-17,53.343235
2017-11-20,55.54591800000001
2017-11-21,55.737453
2017-11-22,56.072646999999996
2017-11-23,55.210728
2017-11-24,55.5938
2017-11-27,56.120529000000005
2017-11-28,55.928993000000006
2017-11-29,55.498034999999994
2017-11-30,53.774196999999994
2017-12-01,54.971306000000006
2017-12-04,55.210728
2017-12-05,53.630543
2017-12-06,52.194008000000004
2017-12-07,53.774196999999994
2017-12-08,55.067074
2017-12-11,56.120529000000005
2017-12-12,55.258614
2017-12-13,58.418980000000005
2017-12-14,58.179562
2017-12-15,59.233013
2017-12-18,59.280903
2017-12-19,59.472435
2017-12-20,60.094936
2017-12-21,60.430130000000005
2017-12-22,59.328793000000005
2017-12-27,59.041477
2017-12-28,59.376670999999995
2017-12-29,60.047054
2018-01-02,57.652832
2018-01-03,57.988026
2018-01-04,57.700714000000005
2018-01-05,56.790909
2018-01-08,57.509178000000006
2018-01-09,58.466866
2018-01-10,57.94014
2018-01-11,57.604946
2018-01-12,57.604946
2018-01-15,59.568211
2018-01-16,60.478016000000004
2018-01-17,60.95685600000001
2018-01-18,60.813202000000004
2018-01-19,61.196281000000006
2018-01-22,63.15953100000001
2018-01-23,64.21300500000001
2018-01-24,63.542614
2018-01-25,62.920109
2018-01-26,63.49474
2018-01-29,64.16510799999999
2018-01-30,64.021454
2018-01-31,66.367798
2018-02-01,66.846642
2018-02-02,65.505875
2018-02-05,66.272018
2018-02-06,62.153969
2018-02-07,62.249733
2018-02-08,64.117226
2018-02-09,60.23859399999999
2018-02-12,59.520329000000004
2018-02-13,61.770889000000004
2018-02-14,62.872238
2018-02-15,63.8778
2018-02-20,65.122795
2018-02-21,65.074921
2018-02-22,63.973583
2018-02-23,64.548187
2018-02-26,65.7453
2018-02-27,66.41568000000001
2018-02-28,65.601639
2018-03-01,65.36222099999999
2018-03-02,65.122795
2018-03-05,63.06377
2018-03-06,64.787605
2018-03-07,63.207423999999996
2018-03-08,65.505875
2018-03-09,66.272018
2018-03-12,68.426819
2018-03-13,67.612785
2018-03-14,67.038177
2018-03-15,67.421249
2018-03-16,66.846642
2018-03-19,68.47470899999999
2018-03-20,68.091637
2018-03-21,67.80432900000001
2018-03-22,67.80432900000001
2018-03-23,67.13967099999999
2018-03-26,69.06620799999999
2018-03-27,69.692329
2018-03-28,67.332336
2018-03-29,68.632729
2018-04-03,69.981316
2018-04-04,67.71764399999999
2018-04-06,67.910286
2018-04-09,69.258865
2018-04-10,70.511093
2018-04-11,70.318451
2018-04-12,68.247429
2018-04-13,68.29559300000001
2018-04-16,66.272736
2018-04-17,65.887428
2018-04-18,67.42865
2018-04-19,68.054771
2018-04-20,66.898849
2018-04-23,66.51355
2018-04-24,67.524979
2018-04-25,66.80252800000001
2018-04-26,64.538849
2018-04-27,65.020485
2018-04-30,66.8507
2018-05-02,68.34375
2018-05-03,66.995186
2018-05-04,66.176392
2018-05-07,65.694771
2018-05-08,65.935585
2018-05-09,65.405792
2018-05-10,65.935585
2018-05-11,66.94702099999999
2018-05-14,67.236
2018-05-15,65.742935
2018-05-16,64.68335
2018-05-17,64.587021
2018-05-18,64.587021
2018-05-21,66.465385
2018-05-23,65.935585
2018-05-24,66.128242
2018-05-25,65.887428
2018-05-28,67.813965
2018-05-29,67.13967099999999
2018-05-30,65.742935
2018-05-31,66.51355
2018-06-01,64.394363
2018-06-04,64.34620699999999
2018-06-05,62.756813
2018-06-06,63.479259
2018-06-07,62.564156000000004
2018-06-08,62.034363
2018-06-11,63.093956000000006
2018-06-12,63.720074
2018-06-13,63.093956000000006
2018-06-14,62.467831000000004
2018-06-15,61.986198
2018-06-19,59.818847999999996
2018-06-20,61.215584
2018-06-21,60.782112
2018-06-22,61.360073
2018-06-25,59.048229000000006
2018-06-26,58.325787
2018-06-27,57.507008
2018-06-28,56.929047
2018-06-29,58.518440000000005
2018-07-03,54.713535
2018-07-04,54.424553
2018-07-05,53.89476
2018-07-06,55.387825
2018-07-09,58.229457999999994
2018-07-10,59.096396999999996
2018-07-11,59.289047
2018-07-12,60.059662
2018-07-13,60.733952
2018-07-16,62.371502
2018-07-17,61.263743999999996
2018-07-18,60.733952
2018-07-19,60.10783000000001
2018-07-20,59.722522999999995
2018-07-23,59.963337
2018-07-24,60.155991
2018-07-25,62.323338
2018-07-26,61.745377000000005
2018-07-27,61.841705000000005
2018-07-30,61.263743999999996
2018-07-31,60.733952
2018-08-01,59.867012
2018-08-02,56.68822900000001
2018-08-03,55.098843
2018-08-06,54.087414
2018-08-07,55.098843
2018-08-08,57.555172
2018-08-09,58.181297
2018-08-10,57.218029
2018-08-13,55.724964
2018-08-14,53.70210600000001
2018-08-15,51.342102000000004
2018-08-16,51.823738
2018-08-17,51.534756
2018-08-20,52.931492000000006
2018-08-21,53.750263000000004
2018-08-22,54.7617
2018-08-23,54.280067
2018-08-24,53.991085
2018-08-27,56.59190400000001
2018-08-28,55.773129000000004
2018-08-29,56.013946999999995
2018-08-30,55.6768
2018-08-31,55.965782
2018-09-03,55.098843
2018-09-04,56.543743000000006
2018-09-05,54.665375
2018-09-06,52.064552
2018-09-07,50.089859000000004
2018-09-10,49.126591
2018-09-11,46.333115
2018-09-12,44.021275
2018-09-13,46.23679
2018-09-14,48.018833
2018-09-17,47.344547
2018-09-18,49.271084
2018-09-19,50.86047
2018-09-20,50.956799
2018-09-21,53.339317
2018-09-24,51.248539
2018-09-26,51.199913
2018-09-27,48.914635
2018-09-28,48.282539
2018-10-02,45.997261
2018-10-03,46.677979
2018-10-04,47.50457
2018-10-05,47.115589
2018-10-08,44.003723
2018-10-09,43.566116
2018-10-10,43.711987
2018-10-11,41.621196999999995
2018-10-12,44.392708
2018-10-15,43.323002
2018-10-16,43.663364
2018-10-18,44.100967
2018-10-19,44.344082
2018-10-22,45.900017
2018-10-23,42.253296
2018-10-24,41.864311
2018-10-25,41.280842
2018-10-26,41.134972
2018-10-29,40.648739
2018-10-30,39.627663
2018-10-31,41.23222
2018-11-01,42.545033000000004
2018-11-02,46.580738000000004
2018-11-05,45.267914000000005
2018-11-06,44.538574
2018-11-07,44.733067
2018-11-08,43.031265000000005
2018-11-09,41.718445
2018-11-12,41.572578
2018-11-13,42.885395
2018-11-14,43.177135
2018-11-15,45.656898
2018-11-16,44.976181
2018-11-19,45.60828
2018-11-20,43.809231
2018-11-21,45.46241
2018-11-22,46.094505
2018-11-23,45.365165999999995
2018-11-26,47.358703999999996
2018-11-27,47.844929
2018-11-28,49.109127
2018-11-29,47.164207
2018-11-30,46.726603999999995
2018-12-03,51.345779
2018-12-04,51.443027
2018-12-05,50.470566
2018-12-06,48.477028000000004
2018-12-07,47.407326
2018-12-10,48.039425
2018-12-11,49.206367
2018-12-12,49.011883000000005
2018-12-13,50.665062
2018-12-14,49.741226
2018-12-17,48.817387
2018-12-18,48.477028000000004
2018-12-19,49.303619
2018-12-20,47.261456
2018-12-21,46.969719
2018-12-24,46.483486
2018-12-27,46.532112
2018-12-28,47.212833
2018-12-31,48.428406
2019-01-02,46.045883
2019-01-03,46.434868
2019-01-04,47.261456
2019-01-07,46.823853
2019-01-08,46.677979
2019-01-09,48.428406
2019-01-10,48.088046999999996
2019-01-11,46.726603999999995
2019-01-14,45.024799
2019-01-15,45.851391
2019-01-16,46.386246
2019-01-17,46.191753000000006
2019-01-18,47.79631
2019-01-21,48.963257
2019-01-22,48.039425
2019-01-23,47.844929
2019-01-24,47.65044
2019-01-25,49.83847
2019-01-28,49.400864
2019-01-29,49.741226
2019-01-30,49.6926
2019-01-31,52.512730000000005
2019-02-01,53.582432
2019-02-04,53.144833
2019-02-08,52.609974
2019-02-11,53.38794300000001
2019-02-12,53.29069499999999
2019-02-13,54.068661
2019-02-14,52.755843999999996
2019-02-15,50.276077
2019-02-18,51.394397999999995
2019-02-19,51.637516
2019-02-20,53.193451
2019-02-21,55.38148100000001
2019-02-22,55.575974
2019-02-25,55.28423299999999
2019-02-26,54.409023
2019-02-27,54.311775
2019-02-28,54.21453100000001
2019-03-01,52.901714
2019-03-04,54.798007999999996
2019-03-05,53.631054000000006
2019-03-06,53.144833
2019-03-07,51.783386
2019-03-08,50.178829
2019-03-11,50.032963
2019-03-12,50.762306
2019-03-13,50.421946999999996
2019-03-14,50.130207
2019-03-15,51.443027
2019-03-18,52.318241
2019-03-19,52.512730000000005
2019-03-20,51.832008
2019-03-21,52.415485
2019-03-22,52.366856
2019-03-25,50.552654
2019-03-26,50.797816999999995
2019-03-27,51.484276
2019-03-28,51.141045
2019-03-29,52.415894
2019-04-01,55.553986
2019-04-02,57.809486
2019-04-03,59.574661
2019-04-04,60.114017000000004
2019-04-08,58.692074
2019-04-09,58.544975
2019-04-10,59.231434
2019-04-11,56.926894999999995
2019-04-12,57.07399399999999
2019-04-15,57.417225
2019-04-16,57.221092000000006
2019-04-17,57.858520999999996
2019-04-18,57.515289
2019-04-23,57.221092000000006
2019-04-24,57.515289
2019-04-25,56.975929
2019-04-26,57.711418
2019-04-29,59.329498
2019-04-30,57.515289
2019-05-02,58.201744
2019-05-03,58.790138
2019-05-06,56.19141
2019-05-07,55.946247
2019-05-08,54.671397999999996
2019-05-09,52.415894
2019-05-10,53.298481
2019-05-14,50.50362
2019-05-15,50.944916
2019-05-16,50.062325
2019-05-17,48.885544
2019-05-20,47.022304999999996
2019-05-21,46.875202
2019-05-22,47.316497999999996
2019-05-23,45.943584
2019-05-24,46.090683
2019-05-27,47.11024702173591
2019-05-28,47.14666574900151
2019-05-29,48.16644626002312
2019-05-30,47.98355532798934
2019-05-31,47.29790418188417
2019-06-03,47.60730193933511
2019-06-04,46.9682273204515
2019-06-05,46.53657872451997
2019-06-06,47.42745631193817
2019-06-10,47.40614760161805
2019-06-11,49.81846121039606
2019-06-12,50.6290309071101
2019-06-13,49.37833573283196
2019-06-14,48.47728771225119
2019-06-17,48.43379228375185
2019-06-18,48.51908678184128
2019-06-19,49.10028657572878
2019-06-20,51.50176159508372
2019-06-21,52.13275376911879
2019-06-24,51.24482252621902
2019-06-25,50.678758717535025
2019-06-26,49.95090353738356
2019-06-27,50.05820297584606
2019-06-28,51.84855996069145
2019-07-02,52.48108777117396
2019-07-03,55.821989790933614
2019-07-04,55.24725890067315
2019-07-05,55.282610823825365
2019-07-08,55.177386038625485
2019-07-09,54.27502837562657
2019-07-10,54.41262645459891
2019-07-11,55.18824778892732
2019-07-12,55.322426479978326
2019-07-15,55.40699737606717
2019-07-16,55.14201165643931
2019-07-17,56.72021920275164
2019-07-18,56.554317126223566
2019-07-19,56.13064569841886
2019-07-22,56.939281812677386
2019-07-23,55.91435116442943
2019-07-24,55.856812523098
2019-07-25,56.13880253881741
2019-07-26,55.73883241029502
2019-07-29,55.303009241425045
2019-07-30,54.518696260951764
2019-07-31,54.85701493754769
2019-08-01,53.98434952114153
2019-08-02,53.12340070201755
2019-08-05,50.49549019299269
2019-08-06,48.711572634292246
2019-08-07,48.2222022155335
2019-08-08,48.338785657161715
2019-08-09,48.463946344230536
2019-08-12,47.94658214332271
2019-08-13,47.54227180648637
2019-08-14,45.71790412392342
2019-08-15,45.52109701296842
2019-08-16,45.75629573695397
2019-08-19,47.01303730428266
2019-08-20,49.108466577006105
2019-08-21,49.750090998089675
2019-08-22,49.57056190270269
2019-08-23,49.34431520928705
2019-08-26,49.2965118573351
2019-08-27,48.36834736061955
2019-08-28,48.828100630180366
2019-08-29,49.6196748970728
2019-08-30,49.82858040888739
2019-09-02,49.54804391377247
2019-09-03,48.59588123741937
2019-09-04,48.98751274773706
2019-09-05,51.19540493120075
2019-09-06,51.958912424083714
2019-09-09,52.75406329213524
2019-09-10,52.50734799663878
2019-09-11,52.815040973042734
2019-09-12,53.391004302792076
2019-09-13,53.20875485691595
2019-09-16,53.32395285688639
2019-09-17,52.7230220998149
2019-09-18,51.59461706732679
2019-09-19,51.600922441112765
2019-09-20,51.29063334075129
2019-09-23,51.011148209163906
2019-09-24,50.22130118235243
2019-09-25,49.68216645723856
2019-09-26,49.00238834851552
2019-09-27,48.760935485415224
2019-09-30,48.47656551394022
2019-10-02,48.85157453174377
2019-10-03,48.9234511607281
2019-10-04,49.981503269317514
2019-10-08,49.33777612117887
2019-10-09,48.70995418015707
2019-10-10,47.75334672061312
2019-10-11,48.26476348858881
2019-10-14,49.31776091084624
2019-10-15,51.35034278808451
2019-10-16,51.6123976037798
2019-10-17,51.37299693490816
2019-10-18,51.43003867011309
2019-10-21,50.915200408681635
2019-10-22,50.48069951543641
2019-10-23,51.66475803409243
2019-10-24,51.21584405579949
2019-10-25,51.86223049392868
2019-10-28,52.22258850129342
2019-10-29,53.338677561030394
2019-10-30,53.08238208385778
2019-10-31,52.74065665254712
2019-11-01,53.591553650281675
2019-11-04,53.86284334000588
2019-11-05,54.77710007993794
2019-11-06,55.35344380957508
2019-11-07,55.02750146438408
2019-11-08,54.92610734816504
2019-11-11,55.12826532396245
2019-11-12,53.06423939548207
2019-11-13,53.355342164233214
2019-11-14,52.66375270917845
2019-11-15,52.873117227499726
2019-11-18,52.88060731532741
2019-11-19,52.68750594497681
2019-11-20,53.234883135556224
2019-11-21,52.85004337747884
2019-11-22,51.88977649908805
2019-11-25,52.564702754629614
2019-11-26,53.121139358035094
2019-11-27,53.699362628077274
2019-11-28,53.559571985914
2019-11-29,52.55356728485132
2019-12-02,51.39495204429961
2019-12-03,51.83018004876948
2019-12-04,51.82372307650424
2019-12-05,51.238801399581675
2019-12-06,51.26457314105773
2019-12-09,52.33518265701342
2019-12-10,52.06954422171093
2019-12-11,51.83879870305395
2019-12-12,51.824972360268596
2019-12-13,53.767873911190755
2019-12-16,57.0672028553896
2019-12-17,57.872019530184275
2019-12-18,57.72473599281407
2019-12-19,57.11403836334658
2019-12-20,56.76204915351344
2019-12-23,55.6767121260345
2019-12-24,55.87842372853184
2019-12-27,56.0051698830297
2019-12-30,57.289729771304614
2019-12-31,57.362181211189515
2020-01-02,57.09288756810904
2020-01-03,59.508940606042394
2020-01-06,58.79972923146201
2020-01-07,57.87304141622973
2020-01-08,58.725052943524844
2020-01-09,58.66641802059794
2020-01-10,59.774654840584525
2020-01-13,60.45291064791155
2020-01-14,60.570096272387985
2020-01-15,61.5220757672453
2020-01-16,61.35201736574388
2020-01-17,61.70233758861542
2020-01-20,61.69405301246119
2020-01-21,59.93647358399964
2020-01-22,57.43372586757803
2020-01-23,57.959939629713304
2020-01-24,55.97897001621867
2020-01-29,56.08837077804661
2020-01-30,53.57283123809171
2020-01-31,52.295654757233144
2020-02-03,52.05438718116308
2020-02-04,52.44547335806227
2020-02-05,52.13372792971707
2020-02-06,52.60150047809339
2020-02-07,54.19455906061578
2020-02-10,54.147706708383325
2020-02-11,53.082585618853095
2020-02-12,54.00868669182301
2020-02-13,56.15842752343488
2020-02-14,56.58417500819183
2020-02-17,56.666247336751944
2020-02-18,56.995628721519
2020-02-19,56.744983095078474
2020-02-20,57.12851040335846
2020-02-21,57.114735997089156
2020-02-24,55.881809427902226
2020-02-25,53.89815034509016
2020-02-26,54.226471944191935
2020-02-27,53.557453818273075
2020-02-28,52.60489600329114
2020-03-02,51.243419538440946
2020-03-03,51.25793579467595
2020-03-04,51.62740023846913
2020-03-05,50.82156518685306
2020-03-06,52.30960041363645
2020-03-09,50.91014642419446
2020-03-10,48.59748214543426
2020-03-11,50.11116207978285
2020-03-12,50.613100433580044
2020-03-13,49.27358960579348
2020-03-16,47.738354613595966
2020-03-17,45.6074070805
2020-03-18,44.349945420394775
2020-03-19,42.94576590983736
2020-03-20,41.54052871914911
2020-03-23,43.33052846498549
2020-03-24,42.6188564224962
2020-03-25,43.96676131422758
2020-03-26,45.374859224367256
2020-03-27,45.114611308139025
2020-03-30,43.73331790411544
2020-03-31,41.85221449068534
2020-04-01,42.152990084627746
2020-04-02,41.880980302127
2020-04-03,42.05465881916582
2020-04-06,42.2033025317806
2020-04-07,43.25123263449943
2020-04-08,45.88851347360182
2020-04-09,45.992385102005244
2020-04-14,47.78836667116953
2020-04-15,48.33220024729598
2020-04-16,48.24868632949317
2020-04-17,48.35282255339051
2020-04-20,50.314091383028035
2020-04-21,49.87920236960209
2020-04-22,48.244880926925546
2020-04-23,48.285184365222456
2020-04-24,50.185815206841234
2020-04-27,49.50917153704608
2020-04-28,49.73914292087603
2020-04-29,50.18593171307993
2020-05-04,50.18523197380293
2020-05-05,48.4226168088193
2020-05-06,49.40129377845896
2020-05-07,50.648825036327125
2020-05-08,50.900922779682524
2020-05-11,52.92659780213142
2020-05-12,54.254068482177736
2020-05-13,52.54857997562123
2020-05-14,51.72595890164995
2020-05-15,51.13685703703046
2020-05-18,51.508649500063186
2020-05-19,52.10979361795736
2020-05-20,53.207641731045015
2020-05-21,53.69411142519808
2020-05-22,52.902902117607596
2020-05-25,50.03586044811869
2020-05-26,50.563038545024874
2020-05-27,52.58418315921593
2020-05-28,52.82531317370296
2020-05-29,52.24925860412813
2020-06-01,51.96522902738667
2020-06-02,54.12517187517763
2020-06-03,54.33856779009581
2020-06-04,54.55061897035528
2020-06-05,55.541308013942725
2020-06-08,55.56821955139256
2020-06-09,55.0481721977706
2020-06-10,56.005760836360935
2020-06-11,56.060614219443806
2020-06-12,54.08832081150818
2020-06-15,53.843216951698786
2020-06-16,52.45422255548168
2020-06-17,53.22292229627968
2020-06-18,52.63074915876532
2020-06-19,52.45978678114677
2020-06-22,53.95821422405315
2020-06-23,52.73590797055292
2020-06-24,52.90284877740193
2020-06-26,53.19685437629319
2020-06-29,52.1907022878201
2020-06-30,51.030944443915374
2020-07-02,52.351925866835124
2020-07-03,53.47210668182278
2020-07-06,54.43689905555773
2020-07-07,55.011794177504065
2020-07-08,53.77413577059841
2020-07-09,52.61294897065759
2020-07-10,51.6044344725492
2020-07-13,50.74029085584355
2020-07-14,50.99414952783084
2020-07-15,54.49550871207143
2020-07-16,54.0223923173008
2020-07-17,53.480304229220394
2020-07-20,54.29935010572219
2020-07-21,52.91121757493353
2020-07-22,52.578986700232036
2020-07-23,51.759340044571644
2020-07-24,51.51686669911552
2020-07-27,50.47733767878962
2020-07-28,50.46998866176904
2020-07-29,51.1148885925876
2020-07-30,51.77031128266407
2020-07-31,52.30197557160497
2020-08-03,52.88322940754295
2020-08-04,52.385284550722844
2020-08-05,53.255365774533274
2020-08-06,53.12551044752074
2020-08-07,53.11360996689797
2020-08-10,53.60173741849566
2020-08-11,56.16438057112551
2020-08-12,58.68805168506575
2020-08-13,58.96299377518869
2020-08-14,58.36866737779284
2020-08-17,58.55527106887913
2020-08-18,59.43059507343102
2020-08-19,59.291646645041475
2020-08-20,59.06223182414699
2020-08-21,58.61248545790768
2020-08-24,60.88816391879464
2020-08-25,60.37532872245503
2020-08-26,61.312778626025924
2020-08-27,60.78325777113915
2020-08-28,60.08194636175633
2020-08-31,60.75126768463374
2020-09-01,60.90677684319402
2020-09-02,61.35763072054577
2020-09-03,61.06223266154862
2020-09-04,61.87763596347905
2020-09-07,60.11696420677829
2020-09-08,58.90722659016133
2020-09-09,58.61954882409001
2020-09-10,57.95355705299807
2020-09-11,58.3117421488266
2020-09-14,59.458062471971516
2020-09-15,59.20663499041105
2020-09-16,59.79018105150319
2020-09-17,59.66337734573079
2020-09-18,58.55195836136914
2020-09-21,58.020343201565034
2020-09-22,55.94581767470551
2020-09-23,53.667741711942675
2020-09-24,53.72642997507525
2020-09-25,52.814640921500214
2020-09-28,52.49228219591642
2020-09-29,52.08237815593291
2020-09-30,52.45069227608013
2020-10-05,52.38070992624188
2020-10-06,52.02079267741871
2020-10-07,52.874363703884846
2020-10-08,53.76916390195418
2020-10-09,52.98353145323539
2020-10-12,52.36806127905012
2020-10-13,52.010127443664075
2020-10-14,51.9411557503543
2020-10-15,51.83253403626705
2020-10-16,51.20078036061156
2020-10-19,51.799282032790664
2020-10-20,51.984577485148435
2020-10-21,52.05639164994455
2020-10-22,52.43853070918751
2020-10-23,54.51933493973017
