time,value
2015-11-30,4.97369
2015-12-01,4.997602
2015-12-02,5.005573
2015-12-03,4.97369
2015-12-04,4.98166
2015-12-07,5.021514
2015-12-08,5.005573
2015-12-09,4.997602
2015-12-10,4.989632
2015-12-11,4.97369
2015-12-14,4.97369
2015-12-15,4.989918
2015-12-16,4.981804
2015-12-17,4.981804
2015-12-18,5.022372
2015-12-21,4.989918
2015-12-22,5.014258
2015-12-23,5.046713
2015-12-24,5.071054
2015-12-28,5.071054
2015-12-29,5.022372
2015-12-30,5.0548269999999995
2015-12-31,5.038599
2016-01-04,5.022372
2016-01-05,4.981804
2016-01-06,4.998031
2016-01-07,4.998031
2016-01-08,5.038599
2016-01-11,4.97369
2016-01-12,4.97369
2016-01-13,4.908780999999999
2016-01-14,4.8925529999999995
2016-01-15,4.8925529999999995
2016-01-18,4.795189
2016-01-19,4.803303
2016-01-20,4.770847
2016-01-21,4.746507
2016-01-22,4.738394
2016-01-25,4.673483999999999
2016-01-26,4.632915000000001
2016-01-27,4.705939
2016-01-28,4.6410290000000005
2016-01-29,4.673483999999999
2016-02-01,4.6491430000000005
2016-02-02,4.689711
2016-02-03,4.624801000000001
2016-02-04,4.608573000000001
2016-02-05,4.600461
2016-02-11,4.568006
2016-02-12,4.543664
2016-02-15,4.543664
2016-02-16,4.592346
2016-02-17,4.576119
2016-02-18,4.543664
2016-02-19,4.576119
2016-02-22,4.689711
2016-02-23,4.665369999999999
2016-02-24,4.705939
2016-02-25,4.657255999999999
2016-02-26,4.632915000000001
2016-02-29,4.543664
2016-03-01,4.584233
2016-03-02,4.705939
2016-03-03,4.632915000000001
2016-03-04,4.754621
2016-03-07,4.754621
2016-03-08,4.689711
2016-03-09,4.697824
2016-03-10,4.697824
2016-03-11,4.697824
2016-03-14,4.714052
2016-03-15,4.697824
2016-03-16,4.6491430000000005
2016-03-17,4.681597
2016-03-18,4.705939
2016-03-21,4.681597
2016-03-22,4.705939
2016-03-23,4.697824
2016-03-24,4.6491430000000005
2016-03-29,4.689711
2016-03-30,4.681597
2016-03-31,4.705939
2016-04-01,4.689711
2016-04-05,4.705939
2016-04-06,4.697824
2016-04-07,4.689711
2016-04-08,4.705939
2016-04-11,4.778962
2016-04-12,4.762734
2016-04-13,4.787075
2016-04-14,4.803303
2016-04-15,4.803303
2016-04-18,4.803303
2016-04-19,4.795189
2016-04-20,4.705939
2016-04-21,4.738394
2016-04-22,4.754621
2016-04-25,4.762734
2016-04-26,4.81953
2016-04-27,4.81953
2016-04-28,4.787075
2016-04-29,4.81953
2016-05-03,4.787075
2016-05-04,4.787075
2016-05-05,4.787075
2016-05-06,4.787075
2016-05-09,4.787075
2016-05-10,4.787075
2016-05-11,4.778962
2016-05-12,4.795189
2016-05-13,4.778962
2016-05-16,4.762734
2016-05-17,4.770847
2016-05-18,4.778962
2016-05-19,4.738394
2016-05-20,4.705939
2016-05-23,4.730279
2016-05-24,4.705939
2016-05-25,4.746507
2016-05-26,4.730279
2016-05-27,4.730279
2016-05-30,4.803303
2016-05-31,4.8925529999999995
2016-06-01,4.876326000000001
2016-06-02,4.876326000000001
2016-06-03,4.868212000000001
2016-06-06,4.827644
2016-06-07,4.941235
2016-06-08,5.095396
2016-06-10,5.046713
2016-06-13,4.989918
2016-06-14,4.998031
2016-06-15,5.022372
2016-06-16,4.989918
2016-06-17,5.022372
2016-06-20,5.071054
2016-06-21,5.071054
2016-06-22,5.079168
2016-06-23,5.071054
2016-06-24,4.998031
2016-06-27,5.095396
2016-06-28,5.0548269999999995
2016-06-29,5.2008730000000005
2016-06-30,5.184646
2016-07-04,5.176532
2016-07-05,5.160305
2016-07-06,5.135962999999999
2016-07-07,5.111623000000001
2016-07-08,5.119737000000001
2016-07-11,5.184646
2016-07-12,5.144076999999999
2016-07-13,5.152191
2016-07-14,5.176532
2016-07-15,5.152191
2016-07-18,5.152191
2016-07-19,5.160305
2016-07-20,5.152191
2016-07-21,5.168419
2016-07-22,5.257669
2016-07-25,5.2089870000000005
2016-07-26,5.249555
2016-07-27,5.257669
2016-07-28,5.241442
2016-07-29,5.2089870000000005
2016-08-01,5.241442
2016-08-02,5.241442
2016-08-03,5.233328
2016-08-04,5.225214
2016-08-05,5.249555
2016-08-08,5.298238
2016-08-09,5.314465
2016-08-10,5.3631470000000006
2016-08-11,5.3063519999999995
2016-08-12,5.371261
2016-08-15,5.355033000000001
2016-08-16,5.371261
2016-08-17,5.338806
2016-08-18,5.371261
2016-08-19,5.419943
2016-08-22,5.468625
2016-08-23,5.395601
2016-08-24,5.379375
2016-08-25,5.355033000000001
2016-08-26,5.3631470000000006
2016-08-29,5.322578
2016-08-30,5.273897
2016-08-31,5.217101
2016-09-01,5.241442
2016-09-02,5.290124
2016-09-05,5.440554
2016-09-06,5.298481
2016-09-07,5.298481
2016-09-08,5.306839
2016-09-09,5.348624
2016-09-12,5.265053
2016-09-13,5.231624
2016-09-14,5.189837000000001
2016-09-15,5.1062650000000005
2016-09-19,5.214909
2016-09-20,5.198195
2016-09-21,5.214909
2016-09-22,5.231624
2016-09-23,5.198195
2016-09-26,5.214909
2016-09-27,5.223266000000001
2016-09-28,5.198195
2016-09-29,5.214909
2016-09-30,5.198195
2016-10-03,5.2483379999999995
2016-10-04,5.348624
2016-10-05,5.356982
2016-10-06,5.390411
2016-10-07,5.398766999999999
2016-10-11,5.348624
2016-10-12,5.382053
2016-10-13,5.356982
2016-10-14,5.356982
2016-10-17,5.33191
2016-10-18,5.365339
2016-10-19,5.356982
2016-10-20,5.382053
2016-10-21,5.382053
2016-10-24,5.48234
2016-10-25,5.465626
2016-10-26,5.48234
2016-10-27,5.457269
2016-10-28,5.4739830000000005
2016-10-31,5.524127
2016-11-01,5.557555000000001
2016-11-02,5.499054
2016-11-03,5.5491980000000005
2016-11-04,5.532483999999999
2016-11-07,5.382053
2016-11-08,5.407125
2016-11-09,5.415483
2016-11-10,5.440554
2016-11-11,5.415483
2016-11-14,5.448912
2016-11-15,5.465626
2016-11-16,5.4321980000000005
2016-11-17,5.390411
2016-11-18,5.373696
2016-11-21,5.398766999999999
2016-11-22,5.423839
2016-11-23,5.465626
2016-11-24,5.415483
2016-11-25,5.4321980000000005
2016-11-28,5.4321980000000005
2016-11-29,5.490697
2016-11-30,5.565912
2016-12-01,5.574269
2016-12-02,5.565912
2016-12-05,5.599342
2016-12-06,5.616055
2016-12-07,5.641128
2016-12-08,5.8082709999999995
2016-12-09,5.791558
2016-12-12,5.7664860000000004
2016-12-13,5.7664860000000004
2016-12-14,5.7664860000000004
2016-12-15,5.774978
2016-12-16,5.71553
2016-12-19,5.707036
2016-12-20,5.724023000000001
2016-12-21,5.724023000000001
2016-12-22,5.757993
2016-12-23,5.724023000000001
2016-12-28,5.774978
2016-12-29,5.757993
2016-12-30,5.791964
2017-01-03,5.791964
2017-01-04,5.885383
2017-01-05,6.07222
2017-01-06,6.131668
2017-01-09,6.369462
2017-01-10,6.411925
2017-01-11,6.310013
2017-01-12,6.225087
2017-01-13,6.2590580000000005
2017-01-16,6.250565
2017-01-17,6.191117
2017-01-18,6.165639
2017-01-19,6.055235
2017-01-20,6.0382489999999995
2017-01-23,6.063727
2017-01-24,6.004279
2017-01-25,6.029757
2017-01-26,5.970308999999999
2017-01-27,6.012772
2017-02-01,5.987294
2017-02-02,5.987294
2017-02-03,6.0212650000000005
2017-02-06,6.0212650000000005
2017-02-07,6.0212650000000005
2017-02-08,6.07222
2017-02-09,6.055235
2017-02-10,6.046742
2017-02-13,6.055235
2017-02-14,6.004279
2017-02-15,6.0212650000000005
2017-02-16,6.123176
2017-02-17,6.157147
2017-02-20,6.131668
2017-02-21,6.182624
2017-02-22,6.199609
2017-02-23,6.26755
2017-02-24,6.250565
2017-02-27,6.208101999999999
2017-02-28,6.199609
2017-03-01,6.2590580000000005
2017-03-02,6.2590580000000005
2017-03-03,6.199609
2017-03-06,6.140161
2017-03-07,6.140161
2017-03-08,6.174131
2017-03-09,6.165639
2017-03-10,6.1486540000000005
2017-03-13,6.199609
2017-03-14,6.216595
2017-03-15,6.250565
2017-03-16,6.225087
2017-03-17,6.199609
2017-03-20,6.23358
2017-03-21,6.2930269999999995
2017-03-22,6.182624
2017-03-23,6.216595
2017-03-24,5.987294
2017-03-27,6.0212650000000005
2017-03-28,6.012772
2017-03-29,6.004279
2017-03-30,6.004279
2017-03-31,5.995786
2017-04-03,6.131668
2017-04-05,6.208101999999999
2017-04-06,6.23358
2017-04-07,6.191117
2017-04-10,6.140161
2017-04-11,6.191117
2017-04-12,6.165639
2017-04-13,6.114683
2017-04-18,6.106191
2017-04-19,6.012772
2017-04-20,6.106191
2017-04-21,6.07222
2017-04-24,6.063727
2017-04-25,6.07222
2017-04-26,6.097697
2017-04-27,6.07222
2017-04-28,6.216595
2017-05-02,6.2930269999999995
2017-05-04,6.335491
2017-05-05,6.360969
2017-05-08,6.377954
2017-05-09,6.343984
2017-05-10,6.343984
2017-05-11,6.369462
2017-05-12,6.369462
2017-05-15,6.411925
2017-05-16,6.5647910000000005
2017-05-17,6.6242399999999995
2017-05-18,6.556299
2017-05-19,6.615747
2017-05-22,6.726151
2017-05-23,6.802586
2017-05-24,6.862033
2017-05-25,6.828061999999999
2017-05-26,6.828061999999999
2017-05-29,6.828061999999999
2017-05-31,6.828061999999999
2017-06-01,6.794092999999999
2017-06-02,6.709166000000001
2017-06-05,6.709166000000001
2017-06-06,6.836555000000001
2017-06-07,6.85354
2017-06-08,6.904497
2017-06-09,6.862033
2017-06-12,6.963944000000001
2017-06-13,7.031885000000001
2017-06-14,7.176261
2017-06-15,7.082841
2017-06-16,7.048871000000001
2017-06-19,7.048871000000001
2017-06-20,7.091334
2017-06-21,7.082841
2017-06-22,7.065856
2017-06-23,7.065856
2017-06-26,7.074348
2017-06-27,7.099825999999999
2017-06-28,7.091334
2017-06-29,7.082841
2017-06-30,7.048871000000001
2017-07-03,7.091334
2017-07-04,7.065856
2017-07-05,7.082841
2017-07-06,7.057364
2017-07-07,7.048871000000001
2017-07-10,7.048871000000001
2017-07-11,7.065856
2017-07-12,7.074348
2017-07-13,7.099825999999999
2017-07-14,7.091334
2017-07-17,7.10832
2017-07-18,7.167766
2017-07-19,7.218724000000001
2017-07-20,7.269678999999999
2017-07-21,7.218724000000001
2017-07-24,7.235709
2017-07-25,7.218724000000001
2017-07-26,7.159275
2017-07-27,7.176261
2017-07-28,7.159275
2017-07-31,7.227217
2017-08-01,7.218724000000001
2017-08-02,7.21023
2017-08-03,7.074348
2017-08-04,7.091334
2017-08-07,7.040379
2017-08-08,7.048871000000001
2017-08-09,7.006407
2017-08-10,6.9299740000000005
2017-08-11,6.81957
2017-08-14,6.794092999999999
2017-08-15,6.836555000000001
2017-08-16,6.879019
2017-08-17,6.887510000000001
2017-08-18,6.921481
2017-08-21,6.879019
2017-08-22,6.946960000000001
2017-08-23,6.946960000000001
2017-08-24,6.912989
2017-08-25,6.946960000000001
2017-08-28,6.904497
2017-08-29,6.879019
2017-08-30,6.879019
2017-08-31,6.912989
2017-09-01,6.930424
2017-09-04,6.886836
2017-09-05,6.869402
2017-09-06,6.878119
2017-09-07,6.930424
2017-09-08,7.035033
2017-09-11,7.017599000000001
2017-09-12,7.061186999999999
2017-09-13,7.061186999999999
2017-09-14,7.087339
2017-09-15,7.078621000000001
2017-09-18,7.087339
2017-09-19,7.122209
2017-09-20,7.113492
2017-09-21,7.035033
2017-09-22,7.0437520000000005
2017-09-25,7.017599000000001
2017-09-26,7.017599000000001
2017-09-27,7.008881
2017-09-28,7.008881
2017-09-29,7.0437520000000005
2017-10-03,7.165797
2017-10-04,7.165797
2017-10-06,7.209384
2017-10-09,7.235537
2017-10-10,7.331428999999999
2017-10-11,7.340147
2017-10-12,7.444757000000001
2017-10-13,7.470910000000001
2017-10-16,7.5232149999999995
2017-10-17,7.610389
2017-10-18,7.653977
2017-10-19,7.645261
2017-10-20,7.715
2017-10-23,7.732435000000001
2017-10-24,7.7585869999999995
2017-10-25,7.776022
2017-10-26,7.802175
2017-10-27,7.810894
2017-10-30,7.819611999999999
2017-10-31,7.845762
2017-11-01,7.810894
2017-11-02,7.845762
2017-11-03,8.046265
2017-11-06,8.159592
2017-11-07,8.220616999999999
2017-11-08,8.307789999999999
2017-11-09,8.211899
2017-11-10,8.098571000000002
2017-11-13,8.020112
2017-11-14,7.976526
2017-11-15,7.8719149999999996
2017-11-16,7.88935
2017-11-17,7.863198
2017-11-20,7.793457000000001
2017-11-21,7.732435000000001
2017-11-22,7.810894
2017-11-23,7.802175
2017-11-24,7.819611999999999
2017-11-27,7.837046000000001
2017-11-28,7.810894
2017-11-29,7.776022
2017-11-30,7.802175
2017-12-01,7.715
2017-12-04,7.7585869999999995
2017-12-05,7.7585869999999995
2017-12-06,7.636543
2017-12-07,7.627825
2017-12-08,7.645261
2017-12-11,7.715
2017-12-12,7.715
2017-12-13,7.776022
2017-12-14,7.829039999999999
2017-12-15,7.837875
2017-12-18,7.802533
2017-12-19,7.784860000000001
2017-12-20,7.8467139999999995
2017-12-21,7.882060000000001
2017-12-22,7.873222
2017-12-27,7.952750999999999
2017-12-28,7.952750999999999
2017-12-29,7.979258
2018-01-02,8.023441
2018-01-03,8.155987
2018-01-04,8.253186999999999
2018-01-05,8.279696000000001
2018-01-08,8.306206
2018-01-09,8.42108
2018-01-10,8.650826
2018-01-11,8.633152
2018-01-12,8.597806
2018-01-15,8.518281
2018-01-16,8.518281
2018-01-17,8.491769999999999
2018-01-18,8.482934
2018-01-19,8.518281
2018-01-22,8.597806
2018-01-23,8.686169999999999
2018-01-24,8.792208
2018-01-25,8.80988
2018-01-26,8.818716
2018-01-29,8.748025
2018-01-30,8.703842999999999
2018-01-31,8.597806
2018-02-01,8.659661
2018-02-02,8.650826
2018-02-05,8.580133
2018-02-06,8.412243
2018-02-07,8.412243
2018-02-08,8.412243
2018-02-09,8.094130999999999
2018-02-12,8.147152
2018-02-13,8.120641
2018-02-14,8.209005
2018-02-15,8.182496
2018-02-20,8.191333
2018-02-21,8.191333
2018-02-22,8.191333
2018-02-23,8.209005
2018-02-26,8.200169
2018-02-27,8.120641
2018-02-28,8.014605
2018-03-01,8.094130999999999
2018-03-02,8.094130999999999
2018-03-05,8.067623
2018-03-06,8.041115
2018-03-07,7.943913
2018-03-08,7.943913
2018-03-09,7.952750999999999
2018-03-12,7.979258
2018-03-13,7.952750999999999
2018-03-14,7.9880960000000005
2018-03-15,7.935077000000001
2018-03-16,7.882060000000001
2018-03-19,7.776022
2018-03-20,7.776022
2018-03-21,7.802533
2018-03-22,7.705332
2018-03-23,7.616967999999999
2018-03-26,7.599295
2018-03-27,7.616967999999999
2018-03-28,7.687658
2018-03-29,7.731841
2018-04-03,7.696496000000001
2018-04-04,7.864387
2018-04-06,7.935077000000001
2018-04-09,7.935077000000001
2018-04-10,7.935077000000001
2018-04-11,7.935077000000001
2018-04-12,7.943913
2018-04-13,7.899732000000001
2018-04-16,7.890896000000001
2018-04-17,7.85555
2018-04-18,7.882060000000001
2018-04-19,7.926241
2018-04-20,7.8467139999999995
2018-04-23,7.776022
2018-04-24,7.85555
2018-04-25,7.776022
2018-04-26,7.696496000000001
2018-04-27,7.678822
2018-04-30,7.652313
2018-05-02,7.731841
2018-05-03,7.652313
2018-05-04,7.643476
2018-05-07,7.616967999999999
2018-05-08,7.599295
2018-05-09,7.599295
2018-05-10,8.253186999999999
2018-05-11,8.235514
2018-05-14,8.535952
2018-05-15,8.482934
2018-05-16,8.500606
2018-05-17,8.482934
2018-05-18,8.368062
2018-05-21,8.359223
2018-05-23,8.39457
2018-05-24,8.39457
2018-05-25,8.323878
2018-05-28,8.306206
2018-05-29,8.315042
2018-05-30,8.262025
2018-05-31,8.262025
2018-06-01,8.262025
2018-06-04,8.359223
2018-06-05,8.288532
2018-06-06,8.191333
2018-06-07,8.164823
2018-06-08,8.155987
2018-06-11,8.235514
2018-06-12,8.17366
2018-06-13,8.129478
2018-06-14,8.076461
2018-06-15,8.138314
2018-06-19,8.058786
2018-06-20,8.120641
2018-06-21,8.067623
2018-06-22,7.961587
2018-06-25,7.952750999999999
2018-06-26,7.952750999999999
2018-06-27,7.85555
2018-06-28,7.882060000000001
2018-06-29,7.85555
2018-07-03,7.8202039999999995
2018-07-04,7.829039999999999
2018-07-05,7.758349000000001
2018-07-06,7.8202039999999995
2018-07-09,7.758349000000001
2018-07-10,7.784860000000001
2018-07-11,7.731841
2018-07-12,7.687658
2018-07-13,7.731841
2018-07-16,7.66115
2018-07-17,7.66115
2018-07-18,7.793694
2018-07-19,7.784860000000001
2018-07-20,7.696496000000001
2018-07-23,7.546277000000001
2018-07-24,7.616967999999999
2018-07-25,7.687658
2018-07-26,7.616967999999999
2018-07-27,7.519767999999999
2018-07-30,7.528604
2018-07-31,7.475585000000001
2018-08-01,7.466749
2018-08-02,7.422566000000001
2018-08-03,7.378385000000001
2018-08-06,7.31653
2018-08-07,7.2635119999999995
2018-08-08,7.599295
2018-08-09,7.5727850000000005
2018-08-10,7.555113
2018-08-13,7.510930999999999
2018-08-14,7.484422
2018-08-15,7.440239999999999
2018-08-16,7.378385000000001
2018-08-17,7.431404
2018-08-20,7.493257000000001
2018-08-21,7.431404
2018-08-22,7.41373
2018-08-23,7.466749
2018-08-24,7.466749
2018-08-27,7.510930999999999
2018-08-28,7.484422
2018-08-29,7.475585000000001
2018-08-30,7.493257000000001
2018-08-31,7.493257000000001
2018-09-03,7.422566000000001
2018-09-04,7.422566000000001
2018-09-05,7.422567
2018-09-06,7.3135449999999995
2018-09-07,7.3135449999999995
2018-09-10,7.268119
2018-09-11,7.268119
2018-09-12,7.259034
2018-09-13,7.240864
2018-09-14,7.204523
2018-09-17,7.204523
2018-09-18,7.286289999999999
2018-09-19,7.277203999999999
2018-09-20,7.249949000000001
2018-09-21,7.286289999999999
2018-09-24,7.286289999999999
2018-09-26,7.277203999999999
2018-09-27,7.268119
2018-09-28,7.268119
2018-10-02,7.177267999999999
2018-10-03,7.159097
2018-10-04,7.086417
2018-10-05,7.195438
2018-10-08,7.077331
2018-10-09,7.0591610000000005
2018-10-10,7.077331
2018-10-11,6.995564
2018-10-12,6.986478999999999
2018-10-15,6.986478999999999
2018-10-16,6.877458
2018-10-18,6.850202
2018-10-19,6.850202
2018-10-22,6.813861999999999
2018-10-23,6.813861999999999
2018-10-24,6.813861999999999
2018-10-25,6.723011
2018-10-26,6.750266000000001
2018-10-29,6.777521000000001
2018-10-30,6.632159
2018-10-31,6.632159
2018-11-01,6.541307
2018-11-02,6.632159
2018-11-05,6.5140519999999995
2018-11-06,6.586733000000001
2018-11-07,6.532222
2018-11-08,6.559477
2018-11-09,6.450456
2018-11-12,6.5140519999999995
2018-11-13,6.577648
2018-11-14,6.504967
2018-11-15,6.541307
2018-11-16,6.40503
2018-11-19,6.414115
2018-11-20,6.40503
2018-11-21,6.450456
2018-11-22,6.495882
2018-11-23,6.495882
2018-11-26,6.495882
2018-11-27,6.495882
2018-11-28,6.586733000000001
2018-11-29,6.486796
2018-11-30,6.532222
2018-12-03,6.623074000000001
2018-12-04,6.750266000000001
2018-12-05,6.750266000000001
2018-12-06,6.732094999999999
2018-12-07,6.732094999999999
2018-12-10,6.723011
2018-12-11,6.6866699999999994
2018-12-12,6.7139240000000004
2018-12-13,6.760101
2018-12-14,6.815511
2018-12-17,6.8801570000000005
2018-12-18,6.870922
2018-12-19,6.972508
2018-12-20,6.954038000000001
2018-12-21,7.000214
2018-12-24,7.018683
2018-12-27,6.990978999999999
2018-12-28,7.018683
2018-12-31,7.055624000000001
2019-01-02,7.018683
2019-01-03,7.0740940000000005
2019-01-04,7.0740940000000005
2019-01-07,7.064858999999999
2019-01-08,7.194151
2019-01-09,7.231091
2019-01-10,7.203386
2019-01-11,7.203386
2019-01-14,7.184916
2019-01-15,7.203386
2019-01-16,7.268032000000001
2019-01-17,7.314207000000001
2019-01-18,7.378852999999999
2019-01-21,7.4435
2019-01-22,7.4435
2019-01-23,7.4527339999999995
2019-01-24,7.4435
2019-01-25,7.48044
2019-01-28,7.471203999999999
2019-01-29,7.48044
2019-01-30,7.48044
2019-01-31,7.49891
2019-02-01,7.48044
2019-02-04,7.48044
2019-02-08,7.526614
2019-02-11,7.51738
2019-02-12,7.51738
2019-02-13,7.53585
2019-02-14,7.563555
2019-02-15,7.563555
2019-02-18,7.51738
2019-02-19,7.51738
2019-02-20,7.48044
2019-02-21,7.51738
2019-02-22,7.51738
2019-02-25,7.53585
2019-02-26,7.545085
2019-02-27,7.526614
2019-02-28,7.526614
2019-03-01,7.49891
2019-03-04,7.508144000000001
2019-03-05,7.489674000000001
2019-03-06,7.563555
2019-03-07,7.55432
2019-03-08,7.526614
2019-03-11,7.600495
2019-03-12,7.831372999999999
2019-03-13,7.803667999999999
2019-03-14,7.683611999999999
2019-03-15,7.711317
2019-03-18,7.831372999999999
2019-03-19,7.8129029999999995
2019-03-20,7.803667999999999
2019-03-21,7.803667999999999
2019-03-22,7.8129029999999995
2019-03-25,7.840609
2019-03-26,7.803667999999999
2019-03-27,7.831372999999999
2019-03-28,7.914488
2019-03-29,8.080722
2019-04-01,8.034545
2019-04-02,7.9699
2019-04-03,8.043781
2019-04-04,8.053017
2019-04-08,8.006841
2019-04-09,8.06225
2019-04-10,8.053017
2019-04-11,7.997605999999999
2019-04-12,7.942195
2019-04-15,7.9699
2019-04-16,7.98837
2019-04-17,7.98837
2019-04-18,7.868314
2019-04-23,7.7390229999999995
2019-04-24,7.7390229999999995
2019-04-25,7.711317
2019-04-26,7.7390229999999995
2019-04-29,7.711317
2019-04-30,7.674376
2019-05-02,7.674376
2019-05-03,7.7205509999999995
2019-05-06,7.60973
2019-05-07,7.628201
2019-05-08,7.5727899999999995
2019-05-09,7.397324
2019-05-10,7.415792999999999
2019-05-14,7.397324
2019-05-15,7.48044
2019-05-16,7.489674000000001
2019-05-17,7.4435
2019-05-20,7.461969
2019-05-21,7.434264
2019-05-22,7.48044
2019-05-23,7.434264
2019-05-24,7.48044
2019-05-27,7.461969
2019-05-28,7.461969
2019-05-29,7.378852999999999
2019-05-30,7.48044
2019-05-31,7.351147999999999
2019-06-03,7.406559
2019-06-04,7.406559
2019-06-05,7.406559
2019-06-06,7.388088000000001
2019-06-10,7.434264
2019-06-11,7.4435
2019-06-12,7.388088000000001
2019-06-13,7.332677
2019-06-14,7.360383000000001
2019-06-17,7.304972
2019-06-18,7.378852999999999
2019-06-19,7.341913000000001
2019-06-20,7.369617999999999
2019-06-21,7.351147999999999
2019-06-24,7.323442
2019-06-25,7.314207000000001
2019-06-26,7.314207000000001
2019-06-27,7.332677
2019-06-28,7.323442
2019-07-02,7.931565942764282
2019-07-03,7.934068665504455
2019-07-04,7.908860487937927
2019-07-05,7.888743681907654
2019-07-08,7.878579893112183
2019-07-09,7.87491666316986
2019-07-10,7.879284234046936
2019-07-11,7.880749778747559
2019-07-12,7.95169816493988
2019-07-15,8.00502387523651
2019-07-16,8.034103527069092
2019-07-17,8.029733176231383
2019-07-18,8.013475713729859
2019-07-19,7.974520125389099
2019-07-22,7.929282331466674
2019-07-23,7.892976298332214
2019-07-24,7.873014159202575
2019-07-25,7.865578269958496
2019-07-26,7.851972889900207
2019-07-29,7.8331636762619015
2019-07-30,7.790645189285278
2019-07-31,7.732750487327575
2019-08-01,7.6709390735626215
2019-08-02,7.607321190834045
2019-08-05,7.526067743301391
2019-08-06,7.405936546325683
2019-08-07,7.254883089065552
2019-08-08,7.107857036590576
2019-08-09,6.997503719329834
2019-08-12,6.938481111526489
2019-08-13,6.917363014221191
2019-08-14,6.89064001083374
2019-08-15,6.831833987236022
2019-08-16,6.755546054840088
2019-08-19,6.689449205398559
2019-08-20,6.6585471630096436
2019-08-21,6.66071578502655
2019-08-22,6.682036819458007
2019-08-23,6.700821013450622
2019-08-26,6.710511198043823
2019-08-27,6.698672103881836
2019-08-28,6.661089816093444
2019-08-29,6.615046339035033
2019-08-30,6.570980930328369
2019-09-02,6.539137365818023
2019-09-03,6.522595841884613
2019-09-04,6.497932283878326
2019-09-05,6.4721667242050165
2019-09-06,6.443712310791015
2019-09-09,6.422827982902526
2019-09-10,6.407886199951172
2019-09-11,6.394448881149292
2019-09-12,6.38659776687622
2019-09-13,6.386397230625152
2019-09-16,6.39688690662384
2019-09-17,6.407724077701568
2019-09-18,6.412426128387451
2019-09-19,6.411436462402343
2019-09-20,6.404303715229034
2019-09-23,6.39718676328659
2019-09-24,6.392344577312469
2019-09-25,6.38376220703125
2019-09-26,6.366555135250091
2019-09-27,6.33869222164154
2019-09-30,6.305880093574523
2019-10-02,6.275192108154297
2019-10-03,6.251098062992096
2019-10-04,6.238280169963836
2019-10-08,6.234654974937438
2019-10-09,6.234156730175018
2019-10-10,6.231183815002441
2019-10-11,6.221592698097228
2019-10-14,6.211807742118835
2019-10-15,6.206499028205871
2019-10-16,6.205995602607727
2019-10-17,6.215060548782348
2019-10-18,6.238496754169463
2019-10-21,6.265051317214965
2019-10-22,6.281720213890075
2019-10-23,6.288339426517486
2019-10-24,6.289372813701629
2019-10-25,6.290444614887237
2019-10-28,6.288458080291748
2019-10-29,6.283357105255127
2019-10-30,6.2807272624969475
2019-10-31,6.283931798934936
2019-11-01,6.295189628601074
2019-11-04,6.307344501018524
2019-11-05,6.319149351119995
2019-11-06,6.325001420974731
2019-11-07,6.335632874965667
2019-11-08,6.364061889648437
2019-11-11,6.413290948867798
2019-11-12,6.449490206241607
2019-11-13,6.443941531181335
2019-11-14,6.39343722820282
2019-11-15,6.315598330497742
2019-11-18,6.234074974060058
2019-11-19,6.165973773002624
2019-11-20,6.122835607528686
2019-11-21,6.110080769062042
2019-11-22,6.123539316654205
2019-11-25,6.14906883239746
2019-11-26,6.18071918964386
2019-11-27,6.208659310340881
2019-11-28,6.2300645017623895
2019-11-29,6.24308937549591
2019-12-02,6.250661988258361
2019-12-03,6.256943435668945
2019-12-04,6.2612455511093135
2019-12-05,6.2638953590393065
2019-12-06,6.263040900230407
2019-12-09,6.2603909659385675
2019-12-10,6.261549830436706
2019-12-11,6.262097735404968
2019-12-12,6.26820998430252
2019-12-13,6.274038171768188
2019-12-16,6.282514145374297
2019-12-17,6.2882392215728755
2019-12-18,6.290287547111511
2019-12-19,6.286554312705993
2019-12-20,6.280665092468261
2019-12-23,6.271795754432678
2019-12-24,6.262409090995788
2019-12-27,6.254579458236694
2019-12-30,6.349266686439513
2019-12-31,6.420343708992004
2020-01-02,6.429823248386382
2020-01-03,6.396239554882049
2020-01-06,6.3463288998603815
2020-01-07,6.298651943206787
2020-01-08,6.268984961509704
2020-01-09,6.260865454673767
2020-01-10,6.26619021654129
2020-01-13,6.279652934074401
2020-01-14,6.296220741271973
2020-01-15,6.314486851692199
2020-01-16,6.326277928352355
2020-01-17,6.3353277111053465
2020-01-20,6.337938094139099
2020-01-21,6.336412906646728
2020-01-22,6.383167548179626
2020-01-23,6.396505420207977
2020-01-24,6.361886317729949
2020-01-29,6.30475471496582
2020-01-30,6.250355939865112
2020-01-31,6.208275296688079
2020-02-03,6.181658437252044
2020-02-04,6.166568052768707
2020-02-05,6.161611762046814
2020-02-06,6.162128834724426
2020-02-07,6.172699003219604
2020-02-10,6.190008301734924
2020-02-11,6.2125568151473995
2020-02-12,6.228133692741394
2020-02-13,6.235525102615356
2020-02-14,6.234018111228942
2020-02-17,6.226595110893249
2020-02-18,6.220959877967834
2020-02-19,6.217903816699981
2020-02-20,6.214567863941192
2020-02-21,6.206679978370666
2020-02-24,6.1935440325736995
2020-02-25,6.174920318126678
2020-02-26,6.156207518577575
2020-02-27,6.168390064239501
2020-02-28,6.197194752693176
2020-03-02,6.213218824863433
2020-03-03,6.188041605949401
2020-03-04,6.126281747817993
2020-03-05,6.044285545349121
2020-03-06,5.964091515541076
2020-03-09,5.896617827415466
2020-03-10,5.8404086661338805
2020-03-11,5.7912679338455195
2020-03-12,5.748229846954345
2020-03-13,5.705554292201995
2020-03-16,5.65233598947525
2020-03-17,5.583517432212829
2020-03-18,5.5045026111602775
2020-03-19,5.418414622545241
2020-03-20,5.325445536375045
2020-03-23,5.235735006332397
2020-03-24,5.155554497241973
2020-03-25,5.092915918827056
2020-03-26,5.059547798633575
2020-03-27,5.064441792964935
2020-03-30,5.106109611988067
2020-03-31,5.161664218902588
2020-04-01,5.211889388561248
2020-04-02,5.246607685089111
2020-04-03,5.262397545576095
2020-04-06,5.259753739833831
2020-04-07,5.247020003795623
2020-04-08,5.237099587917327
2020-04-09,5.2343029475212095
2020-04-14,5.249892966747283
2020-04-15,5.290962715148925
2020-04-16,5.3516861534118645
2020-04-17,5.416935430765151
2020-04-20,5.476123193502426
2020-04-21,5.512632732391357
2020-04-22,5.512335023880004
2020-04-23,5.480157548189163
2020-04-24,5.425923043489456
2020-04-27,5.359453047513961
2020-04-28,5.294986581802368
2020-04-29,5.247374954223632
2020-05-04,5.227427093982696
2020-05-05,5.227520664930343
2020-05-06,5.234687972068786
2020-05-07,5.239512341022491
2020-05-08,5.236438336372375
2020-05-11,5.225744017362594
2020-05-12,5.214312629699706
2020-05-13,5.203083863258361
2020-05-14,5.190727190971374
2020-05-15,5.175902166366576
2020-05-18,5.158977197408675
2020-05-19,5.143071842193603
2020-05-20,5.131886165142059
2020-05-21,5.125788258314132
2020-05-22,5.123120254278183
2020-05-25,5.116405764818191
2020-05-26,5.099656817913055
2020-05-27,5.074951055049896
2020-05-28,5.04699444413185
2020-05-29,5.021137461662292
2020-06-01,5.000003600716591
2020-06-02,4.986172949075698
2020-06-03,4.987004346847534
2020-06-04,5.003341448903083
2020-06-05,5.032234432697296
2020-06-08,5.073947110176086
2020-06-09,5.121861374378204
2020-06-10,5.167446979284286
2020-06-11,5.201010075807571
2020-06-12,5.213999315500259
2020-06-15,5.2049727833271024
2020-06-16,5.176098848581313
2020-06-17,5.134971163272857
2020-06-18,5.090877954959868
2020-06-19,5.0545200502872465
2020-06-22,5.034085570573806
2020-06-23,5.030305234789847
2020-06-24,5.041529862880706
2020-06-26,5.062396057844161
2020-06-29,5.086179631948471
2020-06-30,5.102091178894042
2020-07-02,5.101141948699951
2020-07-03,5.08564689040184
2020-07-06,5.063794567584991
2020-07-07,5.04503362417221
2020-07-08,5.033747173547744
2020-07-09,5.02901460647583
2020-07-10,5.027002041339873
2020-07-13,5.025594307184218
2020-07-14,5.025039736628532
2020-07-15,5.023572517633437
2020-07-16,5.019137406349182
2020-07-17,5.01127570927143
2020-07-20,5.002303323149681
2020-07-21,4.99422245144844
2020-07-22,4.988146152496337
2020-07-23,4.983312274813652
2020-07-24,4.978465539813041
2020-07-27,4.971957304477691
2020-07-28,4.964681547284125
2020-07-29,4.957770249247551
2020-07-30,4.952428049445151
2020-07-31,4.949628913402557
2020-08-03,4.949358404278755
2020-08-04,4.952212002277373
2020-08-05,4.958001996874809
2020-08-06,4.965408980846404
2020-08-07,4.972404941320419
2020-08-10,4.977050760984421
2020-08-11,4.979116303324699
2020-08-12,4.979670842289924
2020-08-13,4.978082821369171
2020-08-14,4.974614378213881
2020-08-17,4.970904299616813
2020-08-18,4.969438470602035
2020-08-19,4.970436223745345
2020-08-20,4.97179704606533
2020-08-21,4.972315066456794
2020-08-24,4.970385584235191
2020-08-25,4.966818705201148
2020-08-26,4.963098928332328
2020-08-27,4.961750615835189
2020-08-28,4.962794585824012
2020-08-31,4.964657696485519
2020-09-01,4.967256770133972
2020-09-02,4.968689839839935
2020-09-03,4.966280435323714
2020-09-04,4.959056802392006
2020-09-07,4.9482042151689525
2020-09-08,4.934810965061187
2020-09-09,4.922645636200905
2020-09-10,4.914819889068603
2020-09-11,4.914357752203941
2020-09-14,4.920528095960616
2020-09-15,4.9304697722196575
2020-09-16,4.939359486103057
2020-09-17,4.946144706606864
2020-09-18,4.947190319299697
2020-09-21,4.941464579701423
2020-09-22,4.9280706346034995
2020-09-23,4.9075003790855405
2020-09-24,4.882569376230239
2020-09-25,4.857433730363845
2020-09-28,4.8330557501316065
2020-09-29,4.809284369945526
2020-09-30,4.7862251019477835
2020-10-05,4.765676391124725
2020-10-06,4.750021611452102
2020-10-07,4.738400617837906
2020-10-08,4.730611041784286
2020-10-09,4.724522169828414
2020-10-12,4.71903787612915
2020-10-14,4.714091252088546
2020-10-15,4.7090584492683405
2020-10-16,4.70531548500061
2020-10-19,4.702584489583969
2020-10-20,4.700766395330429
2020-10-21,4.69908009648323
2020-10-22,4.69727842926979
2020-10-23,4.6957670783996575
2020-10-27,4.696301020383834
2020-10-28,4.700324823856353
2020-10-29,4.706466009616851
2020-10-30,4.712122155427932
2020-11-02,4.713760942220687
2020-11-03,4.709683750867843
2020-11-04,4.699948897361755
2020-11-05,4.686019335985183
2020-11-06,4.671044067144393
2020-11-09,4.657581412792205
2020-11-10,4.647245708703994
2020-11-11,4.642648475170135
2020-11-12,4.64592977643013
2020-11-13,4.656184924840926
2020-11-16,4.667780709266662
2020-11-17,4.674728336334228
2020-11-18,4.676587245464324
2020-11-19,4.6769004964828484
2020-11-20,4.67849177122116
2020-11-23,4.683172403573989
2020-11-24,4.69028802871704
2020-11-25,4.697736364603042
2020-11-26,4.706069865226745
2020-11-27,4.714432681798934
